"","Candidate","Party","Year","Electorate","Candidate Vote","Party Vote Electorate","Vote to Use","Candidate Previous Vote","Previous Candidate Vote electorate","Same Candidate","Same Electorate","Same Party","Incumbent","No Candidate Run Last Election","Mixer","Pred"
"1","ROCHE, Denise","Green Party",2014,"Auckland Central",0.076293148,0.235008196375974,0.087664696,0.087664696,0.087664696,TRUE,TRUE,TRUE,FALSE,FALSE,FALSE,0.138231022679189
"2","ARDERN, Jacinda","Labour Party",2014,"Auckland Central",0.436301441,0.23099660136859,0.432306256,0.432306256,0.432306256,TRUE,TRUE,TRUE,FALSE,FALSE,FALSE,0.305064610990756
"3","KAYE, Nikki","National Party",2014,"Auckland Central",0.458380844,0.397070314600465,0.453885258,0.453885258,0.453885258,TRUE,TRUE,TRUE,TRUE,FALSE,FALSE,0.490267833872887
"4","KOVALENKO, Dasha","ACT",2014,"Auckland Central",0.007048823,0.00383700820560748,0.004461044,NA,0.004461044,FALSE,NA,NA,FALSE,FALSE,FALSE,0.000991251615448812
"5","DOLMAN, Raymond","New Zealand First Party",2014,"Bay of Plenty",0.126792298,0.142217712346625,0.105377681,0.105377681,0.105377681,TRUE,TRUE,TRUE,FALSE,FALSE,FALSE,0.155924570067831
"6","WILSON, Clare","Labour Party",2014,"Bay of Plenty",0.185374846,0.126215586251575,0.16930888,NA,0.16930888,FALSE,NA,NA,FALSE,FALSE,FALSE,0.158528803472458
"7","MULLER, Todd","National Party",2014,"Bay of Plenty",0.606923392,0.551070314600465,0.674852347,NA,0.674852347,FALSE,NA,NA,FALSE,FALSE,FALSE,0.583626587115476
"8","RICKARD, Ben","United Future",2014,"Bay of Plenty",0.003789431,0.00483586575,0.006113356,NA,0.006113356,FALSE,NA,NA,FALSE,FALSE,FALSE,0.00249786337624589
"9","ROSS, Jami-Lee","National Party",2014,"Botany",0.651271893,0.585970314600465,0.640244545,0.640244545,0.640244545,TRUE,TRUE,TRUE,FALSE,FALSE,FALSE,0.592368731624673
"10","MAMEDOV, Tofik","Labour Party",2014,"Botany",0.233632193,0.225292981581711,0.253504796,NA,0.253504796,FALSE,NA,NA,FALSE,FALSE,FALSE,0.252063488424367
"11","SEVERIN, Toni","ACT",2014,"Christchurch Central",0.003622813,0.00253632745794392,0.004068858,0.004068858,0.004068858,TRUE,TRUE,TRUE,FALSE,FALSE,FALSE,0.000634733828118939
"12","MOORHOUSE, David","Green Party",2014,"Christchurch Central",0.084359797,0.169739479089201,0.085654669,0.085654669,0.085654669,TRUE,TRUE,TRUE,FALSE,FALSE,FALSE,0.117449613600337
"13","WAGNER, Nicky","National Party",2014,"Christchurch Central",0.462167477,0.420970314600465,0.445383412,0.445383412,0.445383412,TRUE,TRUE,TRUE,TRUE,FALSE,FALSE,0.50241478313821
"14","MILNE, Tony","Labour Party",2014,"Christchurch Central",0.389297174,0.270461970539089,0.443609807,NA,0.443609807,FALSE,NA,NA,FALSE,FALSE,FALSE,0.336618093681306
"15","DAVIDSON, Lenis","Maori Party",2014,"Christchurch Central",0.003312287,0.00431021853146853,0.005620901,NA,0.005620901,FALSE,NA,NA,FALSE,FALSE,FALSE,0.000561645685228516
"16","ABRAHAM, George","New Zealand First Party",2014,"Christchurch Central",0.037470241,0.0691562948875479,0.030706776,NA,0.030706776,FALSE,NA,NA,FALSE,FALSE,FALSE,0.0433734605907511
"17","MATHERS, Mojo","Green Party",2014,"Christchurch East",0.10132976,0.123780402799279,0.048096814,0.048096814,0.048096814,TRUE,TRUE,TRUE,FALSE,FALSE,FALSE,0.0834633628021649
"18","HAYES, Jo","National Party",2014,"Christchurch East",0.352128647,0.435670314600465,0.365018618,0.367747264,0.365018618,FALSE,FALSE,TRUE,FALSE,FALSE,TRUE,0.420899058968682
"19","WILLIAMS, Poto","Labour Party",2014,"Christchurch East",0.48087826,0.291160590733407,0.555337195,NA,0.555337195,FALSE,NA,NA,FALSE,FALSE,FALSE,0.378151125865094
"20","PARK, Sam","United Future",2014,"Christchurch East",0.005051026,0.004751026,0.003827058,NA,0.003827058,FALSE,NA,NA,FALSE,FALSE,FALSE,0.00210371223511224
"21","NICOLSON, Don","ACT",2014,"Clutha-Southland",0.013263953,0.00595061442056075,0.025585474,0.025585474,0.025585474,TRUE,TRUE,TRUE,FALSE,FALSE,FALSE,0.00274374453500864
"22","GOLDSMITH, Rachael","Green Party",2014,"Clutha-Southland",0.071217223,0.0930897412117754,0.084803466,0.084803466,0.084803466,TRUE,TRUE,TRUE,FALSE,FALSE,FALSE,0.0878896694861046
"23","CRAIG, Liz","Labour Party",2014,"Clutha-Southland",0.198347107,0.14912205926662,0.167646755,NA,0.167646755,FALSE,NA,NA,FALSE,FALSE,FALSE,0.173766515009466
"24","BARCLAY, Todd","National Party",2014,"Clutha-Southland",0.640648913,0.603570314600465,0.688228619,NA,0.688228619,FALSE,NA,NA,FALSE,FALSE,FALSE,0.616217325140579
"25","DELAHUNTY, Catherine","Green Party",2014,"Coromandel",0.164221679,0.120110124240174,0.167768595,0.167768595,0.167768595,TRUE,TRUE,TRUE,FALSE,FALSE,FALSE,0.124388188420432
"26","SIMPSON, Scott","National Party",2014,"Coromandel",0.587306438,0.496070314600465,0.550516529,0.550516529,0.550516529,TRUE,TRUE,TRUE,TRUE,FALSE,FALSE,0.587483689317448
"27","OLSEN, David Edward","ACT",2014,"Coromandel",0.004278729,0.00445483156074766,0.017368206,NA,0.017368206,FALSE,NA,NA,FALSE,FALSE,FALSE,0.00180527358608089
"28","POSCHL, Korbinian","Labour Party",2014,"Coromandel",0.113386308,0.166048930892196,0.172830579,NA,0.172830579,FALSE,NA,NA,FALSE,FALSE,FALSE,0.186617214946202
"29","ERTEL, Grant","New Zealand First Party",2014,"Coromandel",0.084555827,0.127858463067185,0.062809917,NA,0.062809917,FALSE,NA,NA,FALSE,FALSE,FALSE,0.11552795013438
"30","TUREI, Metiria","Green Party",2014,"Dunedin North",0.173691193,0.241360205631816,0.195084327,0.195084327,0.195084327,TRUE,TRUE,TRUE,FALSE,FALSE,FALSE,0.182419303928587
"31","WOODHOUSE, Michael","National Party",2014,"Dunedin North",0.30207164,0.298570314600465,0.323529412,0.323529412,0.323529412,TRUE,TRUE,TRUE,FALSE,FALSE,FALSE,0.33155600361972
"32","CLARK, David","Labour Party",2014,"Dunedin North",0.473925911,0.312380376096968,0.442513369,0.442513369,0.442513369,TRUE,TRUE,TRUE,TRUE,FALSE,FALSE,0.415501687070406
"33","NICHOLLS, Colin","ACT",2014,"Dunedin South",0.003875574,0.00195102112149533,0.006194508,0.005247993,0.006194508,FALSE,FALSE,TRUE,FALSE,FALSE,TRUE,0.000560624001926967
"34","GALLAGHER, Shane","Green Party",2014,"Dunedin South",0.075879653,0.14340058229974,0.092814371,0.092814371,0.092814371,TRUE,TRUE,TRUE,FALSE,FALSE,FALSE,0.111286937611326
"35","CURRAN, Clare","Labour Party",2014,"Dunedin South",0.490668027,0.324080376096968,0.488953128,0.488953128,0.488953128,TRUE,TRUE,TRUE,TRUE,FALSE,FALSE,0.438543537270239
"36","WALKER, Hamish","National Party",2014,"Dunedin South",0.38663947,0.376470314600465,0.367747264,NA,0.367747264,FALSE,NA,NA,FALSE,FALSE,FALSE,0.390751228039877
"37","MACKEY, Moana","Labour Party",2014,"East Coast",0.293870007,0.219589361794832,0.318177121,0.318177121,0.318177121,TRUE,TRUE,TRUE,FALSE,FALSE,FALSE,0.267801739072225
"38","TOLLEY, Anne","National Party",2014,"East Coast",0.523873088,0.472370314600465,0.482690917,0.482690917,0.482690917,TRUE,TRUE,TRUE,TRUE,FALSE,FALSE,0.548182852501018
"39","MACLEAN, Gavin","Green Party",2014,"East Coast",0.07762604,0.112807635628162,0.08453033,NA,0.08453033,FALSE,NA,NA,FALSE,FALSE,FALSE,0.0962245470482192
"40","TAKOKO, Mere","New Zealand First Party",2014,"East Coast",0.071978643,0.10394731700562,0.040818435,NA,0.040818435,FALSE,NA,NA,FALSE,FALSE,FALSE,0.0779949383854178
"41","MOORE, Teresa","Green Party",2014,"East Coast Bays",0.099446381,0.0870844534655663,0.087200249,0.071216008,0.087200249,FALSE,FALSE,TRUE,FALSE,FALSE,TRUE,0.0859258424141023
"42","McCULLY, Murray","National Party",2014,"East Coast Bays",0.619233135,0.603270314600465,0.649849476,0.649849476,0.649849476,TRUE,TRUE,TRUE,TRUE,FALSE,FALSE,0.687867754496704
"43","MILNER-WHITE, Greg","Labour Party",2014,"East Coast Bays",0.12148862,0.15822945215212,0.198795806,NA,0.198795806,FALSE,NA,NA,FALSE,FALSE,FALSE,0.190162614232616
"44","BENNETT, David","National Party",2014,"Hamilton East",0.573628191,0.488570314600465,0.571058629,0.571058629,0.571058629,TRUE,TRUE,TRUE,TRUE,FALSE,FALSE,0.589903953730464
"45","SMITH, Ron","ACT",2014,"Hamilton East",0.004133512,0.00334925292523364,0.007147296,NA,0.007147296,FALSE,NA,NA,FALSE,FALSE,FALSE,0.00101082459883222
"46","SERVIAN, Mark","Green Party",2014,"Hamilton East",0.071923117,0.125651601491488,0.052413507,NA,0.052413507,FALSE,NA,NA,FALSE,FALSE,FALSE,0.0864878045324449
"47","ALLEN, Cliff","Labour Party",2014,"Hamilton East",0.271985119,0.227316846667377,0.315724052,NA,0.315724052,FALSE,NA,NA,FALSE,FALSE,FALSE,0.272433817347301
"48","TAURIMA, Richard","New Zealand First Party",2014,"Hamilton East",0.038338328,0.0724677472747533,0.02454941,NA,0.02454941,FALSE,NA,NA,FALSE,FALSE,FALSE,0.042620859598147
"49","TODD, Quentin","United Future",2014,"Hamilton East",0.002170094,0.0066175005,0.005112997,NA,0.005112997,FALSE,NA,NA,FALSE,FALSE,FALSE,0.00316903743295003
"50","GUDGEON, Bill","New Zealand First Party",2014,"Hamilton West",0.069346838,0.0969150598353739,0.041532551,0.041532551,0.041532551,TRUE,TRUE,TRUE,FALSE,FALSE,FALSE,0.0720747869949911
"51","MORONEY, Sue","Labour Party",2014,"Hamilton West",0.354278628,0.268162123850832,0.390717475,0.390717475,0.390717475,TRUE,TRUE,TRUE,FALSE,FALSE,FALSE,0.321204093556556
"52","MACINDOE, Tim","National Party",2014,"Hamilton West",0.531004547,0.452070314600465,0.532654968,0.532654968,0.532654968,TRUE,TRUE,TRUE,TRUE,FALSE,FALSE,0.553412091118984
"53","MUTI, Sara","ACT",2014,"Hamilton West",0.003823894,0.00295904870093458,0.016415307,NA,0.016415307,FALSE,NA,NA,FALSE,FALSE,FALSE,0.00117538516752483
"54","TE AO, Richard","Maori Party",2014,"Hamilton West",0.008784622,0.00508605786713287,0.011462206,NA,0.011462206,FALSE,NA,NA,FALSE,FALSE,FALSE,0.00137268951247813
"55","GRAHAM, Kennedy","Green Party",2014,"Helensville",0.12791411,0.0924249316524896,0.073620264,0.15349607,0.073620264,FALSE,FALSE,TRUE,FALSE,FALSE,TRUE,0.0835858350535936
"56","KEY, John","National Party",2014,"Helensville",0.655623722,0.632570314600465,0.743822076,0.743822076,0.743822076,TRUE,TRUE,TRUE,TRUE,FALSE,FALSE,0.737463993776575
"57","PIRRIE, Phelan","ACT",2014,"Helensville",0.008691207,0.00451986559813084,0.00514827,NA,0.00514827,FALSE,NA,NA,FALSE,FALSE,FALSE,0.00122499591098897
"58","HADDOCK, Corie Jon","Labour Party",2014,"Helensville",0.127709611,0.132011199905984,0.141371499,NA,0.141371499,FALSE,NA,NA,FALSE,FALSE,FALSE,0.153217211915107
"59","PHILLIPS, Thomas T T","Maori Party",2014,"Hunua",0.006999485,0.00456883164335664,0.00559122,0.00559122,0.00559122,TRUE,TRUE,TRUE,FALSE,FALSE,FALSE,0.000706788485472434
"60","CUMMINGS, Ian","ACT",2014,"Hunua",0.012146166,0.00471496771028037,0.012839097,0.012839097,0.012839097,TRUE,TRUE,TRUE,FALSE,FALSE,FALSE,0.00172923980523209
"61","WILLIAMS, Arena","Labour Party",2014,"Hunua",0.17858981,0.148202120591317,0.16763305,NA,0.16763305,FALSE,NA,NA,FALSE,FALSE,FALSE,0.173150128088667
"62","BAYLY, Andrew","National Party",2014,"Hunua",0.675553268,0.600470314600465,0.655932905,NA,0.655932905,FALSE,NA,NA,FALSE,FALSE,FALSE,0.604856094696265
"63","REEVES, Jon","New Zealand First Party",2014,"Hunua",0.082964488,0.0913460397173794,0.040795196,NA,0.040795196,FALSE,NA,NA,FALSE,FALSE,FALSE,0.0667022620512431
"64","WALKER, Holly","Green Party",2014,"Hutt South",0.083452211,0.127119199243497,0.115217391,0.115217391,0.115217391,TRUE,TRUE,TRUE,FALSE,FALSE,FALSE,0.112859658482524
"65","MALLARD, Trevor","Labour Party",2014,"Hutt South",0.438047687,0.331380376096968,0.49378882,0.49378882,0.49378882,TRUE,TRUE,TRUE,TRUE,FALSE,FALSE,0.445594490172083
"66","O'SULLIVAN, Grae","ACT",2014,"Hutt South",0.004687182,0.00247129342056075,0.005383023,NA,0.005383023,FALSE,NA,NA,FALSE,FALSE,FALSE,0.000678407856555512
"67","BISHOP, Chris","National Party",2014,"Hutt South",0.419604646,0.385170314600465,0.343271222,NA,0.343271222,FALSE,NA,NA,FALSE,FALSE,FALSE,0.386563130894426
"68","PARORO, Mataroa","New Zealand First Party",2014,"Hutt South",0.02618708,0.0803224978212715,0.022077114,NA,0.022077114,FALSE,NA,NA,FALSE,FALSE,FALSE,0.0466010671318365
"69","STONYER, Dave","United Future",2014,"Hutt South",0.002751172,0.00755073775,0.010662526,NA,0.010662526,FALSE,NA,NA,FALSE,FALSE,FALSE,0.00457935963367488
"70","VEALE, Gareth","ACT",2014,"Ilam",0.011722365,0.00373945714953271,0.007550683,0.007550683,0.007550683,TRUE,TRUE,TRUE,FALSE,FALSE,FALSE,0.00114968954167808
"71","KELCHER, John","Green Party",2014,"Ilam",0.122056555,0.140605513005667,0.15349607,0.033752685,0.15349607,FALSE,FALSE,TRUE,FALSE,FALSE,TRUE,0.130212112647982
"72","BROWNLEE, Gerry","National Party",2014,"Ilam",0.580771208,0.558070314600465,0.604054613,0.604054613,0.604054613,TRUE,TRUE,TRUE,TRUE,FALSE,FALSE,0.644498321675929
"73","DANN, James Macbeth","Labour Party",2014,"Ilam",0.23496144,0.17644423792312,0.203454696,NA,0.203454696,FALSE,NA,NA,FALSE,FALSE,FALSE,0.203901460492908
"74","KENNEDY, David","Green Party",2014,"Invercargill",0.074243813,0.0917340597005387,0.076923077,0.076923077,0.076923077,TRUE,TRUE,TRUE,FALSE,FALSE,FALSE,0.0845052650114864
"75","SOPER, Lesley","Labour Party",2014,"Invercargill",0.298502903,0.264298381414559,0.347960764,0.347960764,0.347960764,TRUE,TRUE,TRUE,FALSE,FALSE,FALSE,0.306574723914662
"76","DOWIE, Sarah","National Party",2014,"Invercargill",0.520928811,0.473470314600465,0.545792463,NA,0.545792463,FALSE,NA,NA,FALSE,FALSE,FALSE,0.502320634887661
"77","BOND, Ria","New Zealand First Party",2014,"Invercargill",0.07505856,0.0890371209108234,0.015501414,NA,0.015501414,FALSE,NA,NA,FALSE,FALSE,FALSE,0.0469528319295093
"78","EVANS, Richard","ACT",2014,"Kaikoura",0.003666735,0.00360938907476635,0.013812442,0.013812442,0.013812442,TRUE,TRUE,TRUE,FALSE,FALSE,FALSE,0.00135498424616147
"79","BROWNING, Steffan","Green Party",2014,"Kaikoura",0.083825626,0.117374053488621,0.114238239,0.114238239,0.114238239,TRUE,TRUE,TRUE,FALSE,FALSE,FALSE,0.108338912846545
"80","WALKER, Janette","Labour Party",2014,"Kaikoura",0.229374618,0.18260782704765,0.257036037,NA,0.257036037,FALSE,NA,NA,FALSE,FALSE,FALSE,0.224651266777333
"81","SMITH, Stuart","National Party",2014,"Kaikoura",0.577408841,0.528770314600465,0.602450929,NA,0.602450929,FALSE,NA,NA,FALSE,FALSE,FALSE,0.550042135585108
"82","CAMPBELL, Steve","New Zealand First Party",2014,"Kaikoura",0.052454675,0.0832335765760206,0.027213647,NA,0.027213647,FALSE,NA,NA,FALSE,FALSE,FALSE,0.0521365751876006
"83","SEPULONI, Carmel","Labour Party",2014,"Kelston",0.509009478,0.400654893868801,0.556505367,0.447159566,0.556505367,TRUE,FALSE,TRUE,FALSE,FALSE,TRUE,0.453914147066179
"84","HAYCOCK, Bruce","ACT",2014,"Kelston",0.0089574,0.00281317963127542,0.006418219,NA,0.006418219,NA,NA,NA,FALSE,FALSE,FALSE,0.00081887929005781
"85","IRWIN, Ruth","Green Party",2014,"Kelston",0.069263618,0.115055608255367,0.064186685,NA,0.064186685,NA,NA,NA,FALSE,FALSE,FALSE,0.0886778211402881
"86","PENK, Christopher","National Party",2014,"Kelston",0.327986668,0.328187488600465,0.338088884,NA,0.338088884,NA,NA,NA,FALSE,FALSE,FALSE,0.353571999506807
"87","LOGIE, Jan","Green Party",2014,"Mana",0.084359606,0.134942332312755,0.078963731,0.078963731,0.078963731,TRUE,TRUE,TRUE,FALSE,FALSE,FALSE,0.102476486499991
"88","PARATA, Hekia","National Party",2014,"Mana",0.326252053,0.374170314600465,0.419689119,0.419689119,0.419689119,TRUE,TRUE,TRUE,FALSE,FALSE,FALSE,0.40689750641312
"89","FAAFOI, Kris","Labour Party",2014,"Mana",0.548132184,0.351980376096968,0.48611399,0.48611399,0.48611399,TRUE,TRUE,TRUE,TRUE,FALSE,FALSE,0.458791067595226
"90","SIO, Sua William","Labour Party",2014,"Mangere",0.724973545,0.692580376096968,0.759006608,0.759006608,0.759006608,TRUE,TRUE,TRUE,TRUE,FALSE,FALSE,0.781905194185222
"91","STRICKSON-PUA, Muamua Sofi","Green Party",2014,"Mangere",0.045608466,0.0436426712891901,0.043061181,NA,0.043061181,FALSE,NA,NA,FALSE,FALSE,FALSE,0.0489306272444685
"92","TURNER, Misa Fia","National Party",2014,"Mangere",0.152380952,0.132233303676959,0.125985931,NA,0.125985931,FALSE,NA,NA,FALSE,FALSE,FALSE,0.158152228356465
"93","BAKSHI, Kanwaljit Singh","National Party",2014,"Manukau East",0.173926936,0.180577652166098,0.14159292,0.14159292,0.14159292,TRUE,TRUE,TRUE,FALSE,FALSE,FALSE,0.193644055164386
"94","PERINPANAYAGAM, Umesh","Green Party",2014,"Manukau East",0.026520396,0.0396987247688714,0.024002527,NA,0.024002527,FALSE,NA,NA,FALSE,FALSE,FALSE,0.038545401096956
"95","SALESA, Jenny","Labour Party",2014,"Manukau East",0.69538822,0.641180376096968,0.771113296,NA,0.771113296,FALSE,NA,NA,FALSE,FALSE,FALSE,0.661018083795742
"96","LOLE-TAYLOR, Asenati","New Zealand First Party",2014,"Manukau East",0.072638194,0.0790837318710427,0.039659128,NA,0.039659128,FALSE,NA,NA,FALSE,FALSE,FALSE,0.0555144777443585
"97","HALL, John","New Zealand First Party",2014,"Manurewa",0.077869291,0.091771363265196,0.047469042,0.047469042,0.047469042,TRUE,TRUE,TRUE,FALSE,FALSE,FALSE,0.0705261449013028
"98","WALL, Louisa Hareruia","Labour Party",2014,"Manurewa",0.54230399,0.548680376096968,0.632630893,0.632630893,0.632630893,TRUE,TRUE,TRUE,TRUE,FALSE,FALSE,0.644676140056129
"99","TUPOU, Trish","Green Party",2014,"Manurewa",0.043534068,0.0460338776746887,0.038481813,NA,0.038481813,FALSE,NA,NA,FALSE,FALSE,FALSE,0.048359148934362
"100","BHANA, Raewyn","Maori Party",2014,"Manurewa",0.009198845,0.00551707972027972,0.028037383,NA,0.028037383,FALSE,NA,NA,FALSE,FALSE,FALSE,0.00254990608149652
"101","BROWN, Simeon","National Party",2014,"Manurewa",0.295004813,0.240616728765942,0.26852053,NA,0.26852053,FALSE,NA,NA,FALSE,FALSE,FALSE,0.278293868434443
"102","MOCKRIDGE, Bryan","United Future",2014,"Maungakiekie",0.003447195,0.0032239105,0.012134412,0.002506266,0.012134412,FALSE,FALSE,TRUE,FALSE,FALSE,TRUE,0.00213439395204732
"103","LECKINGER, Richard","Green Party",2014,"Maungakiekie",0.062571817,0.102872061768666,0.056326187,0.077927461,0.056326187,FALSE,FALSE,TRUE,FALSE,FALSE,TRUE,0.0805099816915516
"104","BEAUMONT, Carol","Labour Party",2014,"Maungakiekie",0.413350047,0.342880376096968,0.405632619,0.405632619,0.405632619,TRUE,TRUE,TRUE,FALSE,FALSE,FALSE,0.374106825428429
"105","LOTU-IIGA, Peseta Sam","National Party",2014,"Maungakiekie",0.483860859,0.410570314600465,0.498738966,0.498738966,0.498738966,TRUE,TRUE,TRUE,TRUE,FALSE,FALSE,0.514764486649595
"106","ELLEY, Jeanette","Green Party",2014,"Mt Albert",0.088277858,0.178959378467388,0.094907407,0.073620264,0.094907407,FALSE,FALSE,TRUE,FALSE,FALSE,TRUE,0.124609674158999
"107","LEE, Melissa","National Party",2014,"Mt Albert",0.288712012,0.341370314600465,0.274936869,0.274936869,0.274936869,TRUE,TRUE,TRUE,FALSE,FALSE,FALSE,0.337101121651095
"108","SHEARER, David","Labour Party",2014,"Mt Albert",0.58714079,0.345280376096968,0.591856061,0.591856061,0.591856061,TRUE,TRUE,TRUE,TRUE,FALSE,FALSE,0.484327764083784
"109","FERGUSSON, Tommy","ACT",2014,"Mt Albert",0.008993178,0.00302408273831776,0.013468013,NA,0.013468013,FALSE,NA,NA,FALSE,FALSE,FALSE,0.00112516642664118
"110","BINDRA, Mahesh","New Zealand First Party",2014,"Mt Roskill",0.021714404,0.0674330817642025,0.014933166,0.014933166,0.014933166,TRUE,TRUE,TRUE,FALSE,FALSE,FALSE,0.0331429846903706
"111","GOFF, Phil","Labour Party",2014,"Mt Roskill",0.565194913,0.410480376096968,0.571532999,0.571532999,0.571532999,TRUE,TRUE,TRUE,TRUE,FALSE,FALSE,0.528357726501926
"112","COATES, Barry","Green Party",2014,"Mt Roskill",0.050977148,0.0802325851163701,0.040100251,NA,0.040100251,FALSE,NA,NA,FALSE,FALSE,FALSE,0.063902972369508
"113","PARMAR, Parmjeet","National Party",2014,"Mt Roskill",0.319822149,0.369970314600465,0.339390142,NA,0.339390142,FALSE,NA,NA,FALSE,FALSE,FALSE,0.37704495904502
"114","BAILEY, Paul","Green Party",2014,"Napier",0.037916624,0.105507197900791,0.040127585,0.040127585,0.040127585,TRUE,TRUE,TRUE,FALSE,FALSE,FALSE,0.0728394611622527
"115","NASH, Stuart","Labour Party",2014,"Napier",0.427275507,0.269174056393665,0.409918716,0.409918716,0.409918716,TRUE,TRUE,TRUE,FALSE,FALSE,FALSE,0.327044320499
"116","WALFORD, Wayne","National Party",2014,"Napier",0.320048925,0.462370314600465,0.521144151,NA,0.521144151,FALSE,NA,NA,FALSE,FALSE,FALSE,0.488566857589232
"117","HUFFLETT, Paul","ACT",2014,"Nelson",0.00519507,0.00237374236448598,0.004934718,0.004934718,0.004934718,TRUE,TRUE,TRUE,FALSE,FALSE,FALSE,0.000633066085636093
"118","STREET, Maryan","Labour Party",2014,"Nelson",0.330752776,0.251419239960317,0.326308214,0.326308214,0.326308214,TRUE,TRUE,TRUE,FALSE,FALSE,FALSE,0.291702857602739
"119","SMITH, Nick","National Party",2014,"Nelson",0.533666089,0.428770314600465,0.531407423,0.531407423,0.531407423,TRUE,TRUE,TRUE,TRUE,FALSE,FALSE,0.537810142952434
"120","ROBERTSON, Colin","Green Party",2014,"Nelson",0.091983294,0.167403643752106,0.094787704,NA,0.094787704,FALSE,NA,NA,FALSE,FALSE,FALSE,0.120653000674845
"121","GROSER, Tim","National Party",2014,"New Lynn",0.368666459,0.366870314600465,0.362205545,0.362205545,0.362205545,TRUE,TRUE,TRUE,FALSE,FALSE,FALSE,0.383548655733729
"122","CUNLIFFE, David","Labour Party",2014,"New Lynn",0.508962802,0.344380376096968,0.521471753,0.521471753,0.521471753,TRUE,TRUE,TRUE,TRUE,FALSE,FALSE,0.463768433038838
"123","ROGERS, Daniel","Green Party",2014,"New Lynn",0.079370013,0.128989685815856,0.072545341,NA,0.072545341,FALSE,NA,NA,FALSE,FALSE,FALSE,0.0975200388735676
"124","LITTLE, Andrew","Labour Party",2014,"New Plymouth",0.319314006,0.237528165963241,0.404088375,0.404088375,0.404088375,TRUE,TRUE,TRUE,FALSE,FALSE,FALSE,0.303105387779982
"125","YOUNG, Jonathan","National Party",2014,"New Plymouth",0.584218048,0.507270314600465,0.533140615,0.533140615,0.533140615,TRUE,TRUE,TRUE,TRUE,FALSE,FALSE,0.588146297509054
"126","GRAY, James","ACT",2014,"New Plymouth",0.005512454,0.00331673590654206,0.013208697,NA,0.013208697,FALSE,NA,NA,FALSE,FALSE,FALSE,0.00122650796553145
"127","ROBERTS, Sarah","Green Party",2014,"New Plymouth",0.054818293,0.103408235231395,0.03861243,NA,0.03861243,FALSE,NA,NA,FALSE,FALSE,FALSE,0.071231505464883
"128","KEARNEY, Nick","ACT",2014,"North Shore",0.015264829,0.00624326758878505,0.035538209,0.00514827,0.035538209,FALSE,FALSE,TRUE,FALSE,FALSE,TRUE,0.00320977967055861
"129","STANSFIELD, Brett","Green Party",2014,"North Shore",0.09896527,0.115197014127017,0.077033689,0.087200249,0.077033689,FALSE,FALSE,TRUE,FALSE,FALSE,TRUE,0.094250827320661
"130","BARRY, Maggie","National Party",2014,"North Shore",0.631492675,0.596270314600465,0.62438373,0.62438373,0.62438373,TRUE,TRUE,TRUE,TRUE,FALSE,FALSE,0.674677023120609
"131","SZABA, Claire","Labour Party",2014,"North Shore",0.193320357,0.149306047001681,0.205731306,NA,0.205731306,FALSE,NA,NA,FALSE,FALSE,FALSE,0.186074175249845
"132","LIGHT, Damian","United Future",2014,"Northcote",0.004613492,0.0049207055,0.003490043,0.004724733,0.003490043,FALSE,FALSE,TRUE,FALSE,FALSE,TRUE,0.00210948697017769
"133","KRONFELD, Tim","ACT",2014,"Northcote",0.011072381,0.00478000174766355,0.005748306,0.005748306,0.005748306,TRUE,TRUE,TRUE,FALSE,FALSE,FALSE,0.00134386868065091
"134","HILLS, Richard","Labour Party",2014,"Northcote",0.290444946,0.230168656560817,0.294600698,0.16763305,0.294600698,FALSE,FALSE,TRUE,FALSE,FALSE,TRUE,0.268161552067458
"135","COLEMAN, Jonathan","National Party",2014,"Northcote",0.570125077,0.497270314600465,0.584582221,0.584582221,0.584582221,TRUE,TRUE,TRUE,TRUE,FALSE,FALSE,0.600032325118244
"136","SMITHSON, Anne-Elise","Green Party",2014,"Northcote",0.087758868,0.116625251453672,0.058406898,NA,0.058406898,FALSE,NA,NA,FALSE,FALSE,FALSE,0.0865095753611946
"137","CLENDON, David","Green Party",2014,"Northland",0.105062378,0.124438816346504,0.120930718,0.094907407,0.120930718,FALSE,FALSE,TRUE,FALSE,FALSE,TRUE,0.11352113686534
"138","SABIN, Mike","National Party",2014,"Northland",0.527477059,0.476170314600465,0.575542571,0.575542571,0.575542571,TRUE,TRUE,TRUE,TRUE,FALSE,FALSE,0.583492286436225
"139","NELSON, Craig","ACT",2014,"Northland",0.005773791,0.00533279106542056,0.008242905,NA,0.008242905,FALSE,NA,NA,FALSE,FALSE,FALSE,0.00168977816022299
"140","PRIME, Willow-Jean","Labour Party",2014,"Northland",0.258995773,0.161909206853332,0.215984975,NA,0.215984975,FALSE,NA,NA,FALSE,FALSE,FALSE,0.198030063832965
"141","GUY, Nathan","National Party",2014,"Otaki",0.554022284,0.442570314600465,0.515727124,0.515727124,0.515727124,TRUE,TRUE,TRUE,TRUE,FALSE,FALSE,0.541450253139706
"142","DREW, Maddy","Green Party",2014,"Otaki",0.065010733,0.103032184749698,0.047079248,NA,0.047079248,FALSE,NA,NA,FALSE,FALSE,FALSE,0.0759284742345179
"143","McCANN, Rob","Labour Party",2014,"Otaki",0.348461617,0.272209854022165,0.374795752,NA,0.374795752,FALSE,NA,NA,FALSE,FALSE,FALSE,0.319529492244004
"144","WILLIAMSON, Maurice","National Party",2014,"Pakuranga",0.610385572,0.602670314600465,0.658595136,0.658595136,0.658595136,TRUE,TRUE,TRUE,TRUE,FALSE,FALSE,0.690555528287025
"145","WHYTE, Jamie","ACT",2014,"Pakuranga",0.060737977,0.00582054634579439,0.025988936,NA,0.025988936,FALSE,NA,NA,FALSE,FALSE,FALSE,0.00269750769964217
"146","KIRKER, Barry","Labour Party",2014,"Pakuranga",0.225124378,0.171292581341423,0.217931322,NA,0.217931322,FALSE,NA,NA,FALSE,FALSE,FALSE,0.205098904344005
"147","LEES-GALLOWAY, Iain","Labour Party",2014,"Palmerston North",0.500816827,0.313180376096968,0.513172848,0.513172848,0.513172848,TRUE,TRUE,TRUE,TRUE,FALSE,FALSE,0.437010819584206
"148","NAYLOR, Jono","National Party",2014,"Palmerston North",0.435164386,0.415870314600465,0.411199504,NA,0.411199504,FALSE,NA,NA,FALSE,FALSE,FALSE,0.427243233473842
"149","BALL, Darroch","New Zealand First Party",2014,"Palmerston North",0.036144578,0.0767709540883361,0.019295559,NA,0.019295559,FALSE,NA,NA,FALSE,FALSE,FALSE,0.0421991743634069
"150","THOMPSON, John","ACT",2014,"Papakura",0.012407465,0.00341428696261682,0.00703043,0.00703043,0.00703043,TRUE,TRUE,TRUE,FALSE,FALSE,FALSE,0.0010249107494251
"151","CONROY, Caroline","Green Party",2014,"Papakura",0.053696173,0.0617633538094552,0.050052466,0.050052466,0.050052466,TRUE,TRUE,TRUE,FALSE,FALSE,FALSE,0.0606962576138123
"152","CATCHPOLE, Brent","New Zealand First Party",2014,"Papakura",0.101240747,0.104147774293749,0.056558237,0.056558237,0.056558237,TRUE,TRUE,TRUE,FALSE,FALSE,FALSE,0.0870843593708838
"153","MIKA, Jerome","Labour Party",2014,"Papakura",0.313940152,0.250315313549953,0.27019937,0.27019937,0.27019937,TRUE,TRUE,TRUE,FALSE,FALSE,FALSE,0.273363189592658
"154","COLLINS, Judith","National Party",2014,"Papakura",0.467521635,0.500870314600465,0.595802728,0.595802728,0.595802728,TRUE,TRUE,TRUE,TRUE,FALSE,FALSE,0.606112972234301
"155","RUSSELL, Geoff","ACT",2014,"Port Hills",0.003679477,0.00240625938317757,0.005459977,0.005459977,0.005459977,TRUE,TRUE,TRUE,FALSE,FALSE,FALSE,0.000663607151802503
"156","O'ROURKE, Denis","New Zealand First Party",2014,"Port Hills",0.028924775,0.0671267211645182,0.021427836,0.021427836,0.021427836,TRUE,TRUE,TRUE,FALSE,FALSE,FALSE,0.0371439461571704
"157","SAGE, Eugenie","Green Party",2014,"Port Hills",0.07818888,0.202873131277943,0.100030906,0.101774905,0.100030906,FALSE,FALSE,TRUE,FALSE,FALSE,TRUE,0.134616039340911
"158","DYSON, Ruth","Labour Party",2014,"Port Hills",0.464431725,0.254271049853756,0.484186669,0.484186669,0.484186669,TRUE,TRUE,TRUE,TRUE,FALSE,FALSE,0.380684656621258
"159","KORAKO, Nuk","National Party",2014,"Port Hills",0.407399836,0.411270314600465,0.388894612,NA,0.388894612,FALSE,NA,NA,FALSE,FALSE,FALSE,0.41698641775598
"160","CORBETT, Tom","ACT",2014,"Rangitata",0.013406776,0.00331673590654206,0.008679479,0.008679479,0.008679479,TRUE,TRUE,TRUE,FALSE,FALSE,FALSE,0.00106741514192704
"161","GOODHEW, Jo","National Party",2014,"Rangitata",0.672417377,0.511270314600465,0.557656541,0.557656541,0.557656541,TRUE,TRUE,TRUE,TRUE,FALSE,FALSE,0.59943043769663
"162","GIBSON, Steven","Labour Party",2014,"Rangitata",0.269070879,0.248015466861696,0.371461046,NA,0.371461046,FALSE,NA,NA,FALSE,FALSE,FALSE,0.302126966700316
"163","McKELVIE, Ian","National Party",2014,"Rangitikei",0.603483607,0.514070314600465,0.588715511,0.588715511,0.588715511,TRUE,TRUE,TRUE,TRUE,FALSE,FALSE,0.612031523553693
"164","WILSON, Neil","ACT",2014,"Rangitikei",0.00522541,0.00491006982242991,0.009713754,NA,0.009713754,FALSE,NA,NA,FALSE,FALSE,FALSE,0.00164224849337035
"165","RUSSELL, Deborah","Labour Party",2014,"Rangitikei",0.277663934,0.194935005296711,0.286659089,NA,0.286659089,FALSE,NA,NA,FALSE,FALSE,FALSE,0.241740671196699
"166","RUDZKI, Romuald Edward John","New Zealand First Party",2014,"Rangitikei",0.069262295,0.0916941877686625,0.042461978,NA,0.042461978,FALSE,NA,NA,FALSE,FALSE,FALSE,0.0679034188387982
"167","HIPKINS, Chris","Labour Party",2014,"Rimutaka",0.529892693,0.305680376096968,0.515837574,0.515837574,0.515837574,TRUE,TRUE,TRUE,TRUE,FALSE,FALSE,0.431754935861532
"168","RUTHVEN, Susanne","Green Party",2014,"Rimutaka",0.04741952,0.107074089375549,0.059819296,NA,0.059819296,FALSE,NA,NA,FALSE,FALSE,FALSE,0.0837127185242562
"169","HOLDEN, Lewis","National Party",2014,"Rimutaka",0.346857435,0.422170314600465,0.417073424,NA,0.417073424,FALSE,NA,NA,FALSE,FALSE,FALSE,0.432659617607655
"170","HUNT, Aaron","New Zealand First Party",2014,"Rimutaka",0.049054676,0.0827989339213138,0.150346797,NA,0.150346797,FALSE,NA,NA,FALSE,FALSE,FALSE,0.0911991517272269
"171","HOULBROOKE, Beth","ACT",2014,"Rodney",0.006320082,0.00386952522429907,0.005438687,0.005438687,0.005438687,TRUE,TRUE,TRUE,FALSE,FALSE,FALSE,0.00106741526003741
"172","MARTIN, Tracey","New Zealand First Party",2014,"Rodney",0.102140673,0.0854431258210401,0.038994356,0.038994356,0.038994356,TRUE,TRUE,TRUE,FALSE,FALSE,FALSE,0.0606152618624757
"173","MITCHELL, Mark","National Party",2014,"Rodney",0.634148828,0.596170314600465,0.535351462,0.535351462,0.535351462,TRUE,TRUE,TRUE,TRUE,FALSE,FALSE,0.641139110003016
"174","McALL, Malcolm","Green Party",2014,"Rodney",0.089296636,0.0904473932687288,0.071216008,NA,0.071216008,FALSE,NA,NA,FALSE,FALSE,FALSE,0.081823855641867
"175","BOLT, Eric","Labour Party",2014,"Rodney",0.110907238,0.123547764093196,0.13668548,NA,0.13668548,FALSE,NA,NA,FALSE,FALSE,FALSE,0.145903364404494
"176","EUSOFF, Sultan","United Future",2014,"Rongotai",0.002560951,0.00500554525,0.005934718,0.003409443,0.005934718,FALSE,FALSE,TRUE,FALSE,FALSE,TRUE,0.00255560973955399
"177","PIERSON, Brent","New Zealand First Party",2014,"Rongotai",0.020999795,0.0644811936567736,0.013537253,0.013537253,0.013537253,TRUE,TRUE,TRUE,FALSE,FALSE,FALSE,0.0303941804017522
"178","NORMAN, Russel","Green Party",2014,"Rongotai",0.207744315,0.249194598241134,0.201818745,0.201818745,0.201818745,TRUE,TRUE,TRUE,FALSE,FALSE,FALSE,0.187312502934254
"179","FINLAYSON, Christopher","National Party",2014,"Rongotai",0.243904938,0.304570314600465,0.253797665,0.253797665,0.253797665,TRUE,TRUE,TRUE,FALSE,FALSE,FALSE,0.309185491166551
"180","KING, Annette","Labour Party",2014,"Rongotai",0.498258554,0.316180376096968,0.505218559,0.505218559,0.505218559,TRUE,TRUE,TRUE,TRUE,FALSE,FALSE,0.437126399064702
"181","TABUTEAU, Fletcher","New Zealand First Party",2014,"Rotorua",0.074210742,0.123537290456548,0.070826833,0.070826833,0.070826833,TRUE,TRUE,TRUE,FALSE,FALSE,FALSE,0.115318269716375
"182","McCLAY, Todd","National Party",2014,"Rotorua",0.563345633,0.487370314600465,0.561726469,0.561726469,0.561726469,TRUE,TRUE,TRUE,TRUE,FALSE,FALSE,0.585938785373787
"183","RUSSELL, Lyall","ACT",2014,"Rotorua",0.00399754,0.00276394658878505,0.012540139,NA,0.012540139,FALSE,NA,NA,FALSE,FALSE,FALSE,0.00100408213672978
"184","COFFEY, Tamati Gerald","Labour Party",2014,"Rotorua",0.340098401,0.201926539229014,0.513993638,NA,0.513993638,FALSE,NA,NA,FALSE,FALSE,FALSE,0.299208091311706
"185","WOODS, Bill","New Zealand First Party",2014,"Selwyn",0.052282242,0.0636296765516557,0.035395506,0.035395506,0.035395506,TRUE,TRUE,TRUE,FALSE,FALSE,FALSE,0.0411070752112589
"186","ADAMS, Amy","National Party",2014,"Selwyn",0.699683447,0.601170314600465,0.691392223,0.691392223,0.691392223,TRUE,TRUE,TRUE,TRUE,FALSE,FALSE,0.700829906794837
"187","GILBERT, Paul","ACT",2014,"Selwyn",0.002348616,0.00295904870093458,0.01489948,NA,0.01489948,FALSE,NA,NA,FALSE,FALSE,FALSE,0.0011383045606123
"188","HILL, Peter Selwyn","Green Party",2014,"Selwyn",0.115490657,0.120288512579622,0.101774905,NA,0.101774905,FALSE,NA,NA,FALSE,FALSE,FALSE,0.105503716101337
"189","DICKSON, Gordon John","Labour Party",2014,"Selwyn",0.108955376,0.148294114458848,0.152662358,NA,0.152662358,FALSE,NA,NA,FALSE,FALSE,FALSE,0.167932394362075
"190","WU, Chao-Fu","Labour Party",2014,"Tamaki",0.143165468,0.161725219118272,0.192124352,0.253504796,0.192124352,FALSE,FALSE,TRUE,FALSE,FALSE,TRUE,0.190383202072811
"191","O'CONNOR, Simon","National Party",2014,"Tamaki",0.714285714,0.618870314600465,0.676683938,0.676683938,0.676683938,TRUE,TRUE,TRUE,TRUE,FALSE,FALSE,0.706559313290967
"192","MILNE, Mike","ACT",2014,"Tamaki",0.013257965,0.00767401641121495,0.023937824,NA,0.023937824,FALSE,NA,NA,FALSE,FALSE,FALSE,0.00346415918316505
"193","SIGGAARD, Dorthe","Green Party",2014,"Tamaki",0.103802672,0.0948793530722079,0.077927461,NA,0.077927461,FALSE,NA,NA,FALSE,FALSE,FALSE,0.0862449616738145
"194","MOORE, Robert","Green Party",2014,"Taranaki-King Country",0.094386181,0.0888089380137577,0.094207445,0.094207445,0.094207445,TRUE,TRUE,TRUE,FALSE,FALSE,FALSE,0.0889801677876595
"195","GAYLOR, Penny","Labour Party",2014,"Taranaki-King Country",0.169545548,0.146730218710832,0.192283563,NA,0.192283563,FALSE,NA,NA,FALSE,FALSE,FALSE,0.180163051145121
"196","KURIGER, Barbara","National Party",2014,"Taranaki-King Country",0.681677977,0.579070314600465,0.696465914,NA,0.696465914,FALSE,NA,NA,FALSE,FALSE,FALSE,0.605315146077035
"197","SIMMONS, Alan","United Future",2014,"Taupo",0.003987322,0.007805257,0.006612937,0.006612937,0.006612937,TRUE,TRUE,TRUE,FALSE,FALSE,FALSE,0.00403461241330906
"198","PERRY, Edwin","New Zealand First Party",2014,"Taupo",0.064921787,0.101948531863782,0.045877247,0.045877247,0.045877247,TRUE,TRUE,TRUE,FALSE,FALSE,FALSE,0.0791883209895908
"199","UPSTON, Louise","National Party",2014,"Taupo",0.631121562,0.537770314600465,0.636495144,0.636495144,0.636495144,TRUE,TRUE,TRUE,TRUE,FALSE,FALSE,0.643099000155113
"200","ROBINSON, Dave","Green Party",2014,"Taupo",0.054391167,0.0820890352223256,0.062512916,NA,0.062512916,FALSE,NA,NA,FALSE,FALSE,FALSE,0.074826903800311
"201","STRANGE, Jamie","Labour Party",2014,"Taupo",0.208158675,0.186563563351453,0.20727423,NA,0.20727423,FALSE,NA,NA,FALSE,FALSE,FALSE,0.211784845934843
"202","WINITANA, Claire","Maori Party",2014,"Taupo",0.010326143,0.00577569283216783,0.017446634,NA,0.017446634,FALSE,NA,NA,FALSE,FALSE,FALSE,0.00261480224762339
"203","McLEAN, Ian","Green Party",2014,"Tauranga",0.059817679,0.0935239517014581,0.068681035,0.068681035,0.068681035,TRUE,TRUE,TRUE,FALSE,FALSE,FALSE,0.0821492159797709
"204","BRIDGES, Simon","National Party",2014,"Tauranga",0.568780088,0.516970314600465,0.614004331,0.614004331,0.614004331,TRUE,TRUE,TRUE,TRUE,FALSE,FALSE,0.622445996254948
"205","PEDERSEN, Stuart","ACT",2014,"Tauranga",0.004199529,0.0037719741682243,0.005259359,NA,0.005259359,FALSE,NA,NA,FALSE,FALSE,FALSE,0.00102894183926362
"206","JONES, Rachel","Labour Party",2014,"Tauranga",0.161220936,0.138082795162984,0.131587089,NA,0.131587089,FALSE,NA,NA,FALSE,FALSE,FALSE,0.153507940193287
"207","OHIA-GATE, Verna","Maori Party",2014,"Tauranga",0.005121377,0.00431021853146853,0.003403114,NA,0.003403114,FALSE,NA,NA,FALSE,FALSE,FALSE,0.000475728464832278
"208","MITCHELL, Clayton","New Zealand First Party",2014,"Tauranga",0.160708799,0.165226750569036,0.128802722,NA,0.128802722,FALSE,NA,NA,FALSE,FALSE,FALSE,0.19974903607757
"209","MAXWELL, James","United Future",2014,"Tauranga",0.002355833,0.004751026,0.002037075,NA,0.002037075,FALSE,NA,NA,FALSE,FALSE,FALSE,0.00170757083506232
"210","STEWART, Gary","Green Party",2014,"Te Atatu",0.050264276,0.0798688462010802,0.059178488,0.059178488,0.059178488,TRUE,TRUE,TRUE,FALSE,FALSE,FALSE,0.0725269982274991
"211","TWYFORD, Phil","Labour Party",2014,"Te Atatu",0.487408022,0.363480376096968,0.5383231,0.5383231,0.5383231,TRUE,TRUE,TRUE,FALSE,FALSE,FALSE,0.424718242943974
"212","FLETCHER, Stephen","ACT",2014,"Te Atatu",0.01295471,0.00286149764485981,0.010480627,NA,0.010480627,FALSE,NA,NA,FALSE,FALSE,FALSE,0.000979722568905022
"213","NGARO, Alfred","National Party",2014,"Te Atatu",0.399937817,0.386570314600465,0.35443574,NA,0.35443574,FALSE,NA,NA,FALSE,FALSE,FALSE,0.391424323035284
"214","FOSS, Craig","National Party",2014,"Tukituki",0.525557146,0.500670314600465,0.584169684,0.584169684,0.584169684,TRUE,TRUE,TRUE,TRUE,FALSE,FALSE,0.602045213307215
"215","LENNOX, Duncan","ACT",2014,"Tukituki",0.004600286,0.00474748472897196,0.007553026,NA,0.007553026,FALSE,NA,NA,FALSE,FALSE,FALSE,0.00146088500577498
"216","PERLEY, Chris","Green Party",2014,"Tukituki",0.061132693,0.103804745016963,0.069943094,NA,0.069943094,FALSE,NA,NA,FALSE,FALSE,FALSE,0.0868624185779816
"217","LORCK, Anna","Labour Party",2014,"Tukituki",0.341545696,0.22207319621815,0.292912571,NA,0.292912571,FALSE,NA,NA,FALSE,FALSE,FALSE,0.262246185066084
"218","BENNETT, Paula","National Party",2014,"Upper Harbour",0.565316012,0.546388816600465,0.600409586,0.447472849,0.600409586,TRUE,FALSE,TRUE,TRUE,FALSE,TRUE,0.636094810278279
"219","BERRY, Stephen","ACT",2014,"Upper Harbour",0.01690896,0.00401369397905084,0.009657366,NA,0.009657366,NA,NA,NA,FALSE,FALSE,FALSE,0.00133898363661449
"220","MAYNE, Nicholas","Green Party",2014,"Upper Harbour",0.080833076,0.0754462009530102,0.065287591,NA,0.065287591,NA,NA,NA,FALSE,FALSE,FALSE,0.0729141180101065
"221","RETZLAFF, Hermann","Labour Party",2014,"Upper Harbour",0.266213012,0.224925901211921,0.286757138,NA,0.286757138,NA,NA,NA,FALSE,FALSE,FALSE,0.262310965163755
"222","STEWART, Barbara","New Zealand First Party",2014,"Waikato",0.095439538,0.0996422727086265,0.051487414,0.051487414,0.051487414,TRUE,TRUE,TRUE,FALSE,FALSE,FALSE,0.0800249957778494
"223","TISCH, Lindsay","National Party",2014,"Waikato",0.65662402,0.574470314600465,0.648949449,0.648949449,0.648949449,TRUE,TRUE,TRUE,TRUE,FALSE,FALSE,0.670094868877722
"224","BURROW, Mike","ACT",2014,"Waikato",0.008357408,0.00627578460747664,0.010089453,NA,0.010089453,FALSE,NA,NA,FALSE,FALSE,FALSE,0.0021272437125814
"225","GREER, Christine","Labour Party",2014,"Waikato",0.193252167,0.151237918219817,0.184002496,NA,0.184002496,FALSE,NA,NA,FALSE,FALSE,FALSE,0.180646305805066
"226","PROSSER, Richard Ivor","New Zealand First Party",2014,"Waimakariri",0.028818737,0.0763054486599923,0.0165695,0.0165695,0.0165695,TRUE,TRUE,TRUE,FALSE,FALSE,FALSE,0.039831393334752
"227","COSGROVE, Clayton","Labour Party",2014,"Waimakariri",0.415478615,0.215357643888438,0.454740718,0.454740718,0.454740718,TRUE,TRUE,TRUE,FALSE,FALSE,FALSE,0.298065330419502
"228","HUNT, Reuben","Green Party",2014,"Waimakariri",0.042362525,0.0909447408224125,0.033752685,NA,0.033752685,FALSE,NA,NA,FALSE,FALSE,FALSE,0.0640810766903153
"229","DOOCEY, Matt","National Party",2014,"Waimakariri",0.48604888,0.543570314600465,0.472844431,NA,0.472844431,FALSE,NA,NA,FALSE,FALSE,FALSE,0.515100504834064
"230","ATKINSON, Shane","ACT",2014,"Wairarapa",0.002437043,0.00432476348598131,0.010397172,0.010397172,0.010397172,TRUE,TRUE,TRUE,FALSE,FALSE,FALSE,0.00147878322283836
"231","HART, John","Green Party",2014,"Wairarapa",0.042343623,0.105276032515845,0.084113121,NA,0.084113121,FALSE,NA,NA,FALSE,FALSE,FALSE,0.0929514605158908
"232","McANULTY, Kieran","Labour Party",2014,"Wairarapa",0.255787977,0.214345711345605,0.316385943,NA,0.316385943,FALSE,NA,NA,FALSE,FALSE,FALSE,0.263645588350878
"233","SMITH, Ra","Maori Party",2014,"Wairarapa",0.004874086,0.00534467097902098,0.009217534,NA,0.009217534,FALSE,NA,NA,FALSE,FALSE,FALSE,0.00155551171981153
"234","SCOTT, Alastair","National Party",2014,"Wairarapa",0.43897238,0.489970314600465,0.526408817,NA,0.526408817,FALSE,NA,NA,FALSE,FALSE,FALSE,0.50536704996965
"235","MARK, Ron","New Zealand First Party",2014,"Wairarapa",0.233549959,0.0973085858394546,0.072849026,NA,0.072849026,FALSE,NA,NA,FALSE,FALSE,FALSE,0.0872270742282442
"236","COUTTS, Sue","Green Party",2014,"Waitaki",0.125204082,0.125612044968872,0.101358304,0.101358304,0.101358304,TRUE,TRUE,TRUE,FALSE,FALSE,FALSE,0.107560336430973
"237","DEAN, Jacqui","National Party",2014,"Waitaki",0.629795918,0.527570314600465,0.614529739,0.614529739,0.614529739,TRUE,TRUE,TRUE,TRUE,FALSE,FALSE,0.62930191544639
"238","ALEXANDER, Glenda","Labour Party",2014,"Waitaki",0.202142857,0.197050864249908,0.240172875,NA,0.240172875,FALSE,NA,NA,FALSE,FALSE,FALSE,0.229402436373859
"239","BARR, Hugh","New Zealand First Party",2014,"Wellington Central",0.015210689,0.0484996870508923,0.007322607,0.009078853,0.007322607,FALSE,FALSE,TRUE,FALSE,FALSE,TRUE,0.0175780621096192
"240","SHAW, James","Green Party",2014,"Wellington Central",0.133299075,0.284091827724647,0.136344884,0.136344884,0.136344884,TRUE,TRUE,TRUE,FALSE,FALSE,FALSE,0.175135326354678
"241","FOSTER-BELL, Paul","National Party",2014,"Wellington Central",0.303083248,0.358870314600465,0.325082508,0.325082508,0.325082508,TRUE,TRUE,TRUE,FALSE,FALSE,FALSE,0.365804261792671
"242","ROBERTSON, Grant","Labour Party",2014,"Wellington Central",0.52024666,0.244335712160483,0.491542904,0.491542904,0.491542904,TRUE,TRUE,TRUE,TRUE,FALSE,FALSE,0.373996453439824
"243","HAGUE, Kevin","Green Party",2014,"West Coast-Tasman",0.067392854,0.148856222612844,0.063995891,0.063995891,0.063995891,TRUE,TRUE,TRUE,FALSE,FALSE,FALSE,0.100175284295257
"244","O'CONNOR, Damien Peter","Labour Party",2014,"West Coast-Tasman",0.472869795,0.250683289020074,0.475192604,0.475192604,0.475192604,TRUE,TRUE,TRUE,TRUE,FALSE,FALSE,0.375278904784872
"245","PUGH, Maureen","National Party",2014,"West Coast-Tasman",0.357324646,0.432570314600465,0.39856189,NA,0.39856189,FALSE,NA,NA,FALSE,FALSE,FALSE,0.431697727462982
"246","DAVIDSON, Alan","ACT",2014,"Whanganui",0.007237513,0.00351183801869159,0.004322322,0.004322322,0.004322322,TRUE,TRUE,TRUE,FALSE,FALSE,FALSE,0.000897556719878182
"247","McDOUALL, Hamish","Labour Party",2014,"Whanganui",0.407237513,0.252155190900559,0.375115776,0.375115776,0.375115776,TRUE,TRUE,TRUE,FALSE,FALSE,FALSE,0.305980133894675
"248","BORROWS, Chester","National Party",2014,"Whanganui",0.536901121,0.450270314600465,0.536894103,0.536894103,0.536894103,TRUE,TRUE,TRUE,TRUE,FALSE,FALSE,0.553702760709952
"249","TUAINE, Nancy","Maori Party",2014,"Whanganui",0.017533129,0.00612051031468532,0.013424882,NA,0.013424882,FALSE,NA,NA,FALSE,FALSE,FALSE,0.00301917735097483
"250","GRIEVE, Robin","ACT",2014,"Whangarei",0.007862759,0.00562544423364486,0.009964047,0.009964047,0.009964047,TRUE,TRUE,TRUE,FALSE,FALSE,FALSE,0.00189825668670671
"251","PARAONE, Pita","New Zealand First Party",2014,"Whangarei",0.081384663,0.115931116214477,0.044581407,0.044581407,0.044581407,TRUE,TRUE,TRUE,FALSE,FALSE,FALSE,0.0916262717330724
"252","DOHERTY, Paul","Green Party",2014,"Whangarei",0.087409374,0.113384257751876,0.088341037,NA,0.088341037,FALSE,NA,NA,FALSE,FALSE,FALSE,0.0978764653167025
"253","ELLIS, Kelly","Labour Party",2014,"Whangarei",0.191871745,0.187023532689105,0.224447869,NA,0.224447869,FALSE,NA,NA,FALSE,FALSE,FALSE,0.217741934479445
"254","KAIPO, Anaru","Maori Party",2014,"Whangarei",0.008271214,0.00525846660839161,0.011318382,NA,0.011318382,FALSE,NA,NA,FALSE,FALSE,FALSE,0.00156065017912165
"255","RETI, Shane","National Party",2014,"Whangarei",0.555805167,0.481370314600465,0.591782229,NA,0.591782229,FALSE,NA,NA,FALSE,FALSE,FALSE,0.520455823278334
"256","WESLEY, Richard","Green Party",2014,"Wigram",0.078348168,0.139274571662913,0.0776527,0.0776527,0.0776527,TRUE,TRUE,TRUE,FALSE,FALSE,FALSE,0.103458630994044
"257","WOODS, Megan","Labour Party",2014,"Wigram",0.489443179,0.281593228510256,0.45111528,0.45111528,0.45111528,TRUE,TRUE,TRUE,TRUE,FALSE,FALSE,0.394148284103002
"258","GRIEVE, Shaun","ACT",2014,"Wigram",0.010763817,0.00204857217757009,0.010279605,NA,0.010279605,FALSE,NA,NA,FALSE,FALSE,FALSE,0.000696158185588952
"259","VARLEY, Karl","National Party",2014,"Wigram",0.377147588,0.420170314600465,0.403064415,NA,0.403064415,FALSE,NA,NA,FALSE,FALSE,FALSE,0.426729633714003
"260","PIERARD, Miriam","Mana",2014,"Auckland Central",0.00995128,0.0130103791889273,NA,NA,NA,NA,NA,NA,FALSE,TRUE,FALSE,0.0130895446226917
"261","MATAKI, Tania","Maori Party",2014,"Christchurch East",0.005978765,0.00249992674825175,NA,NA,NA,NA,NA,NA,FALSE,TRUE,FALSE,0.00349846323204062
"262","PAKINGA, Hiria","Maori Party",2014,"Coromandel",0.004686227,0.00379299230769231,NA,NA,NA,NA,NA,NA,FALSE,TRUE,FALSE,0.00488326408036345
"263","DALEY, Jonathan","Conservative Party",2014,"Dunedin North",0.018063068,0.0382717564830421,NA,NA,NA,NA,NA,NA,FALSE,TRUE,FALSE,0.0310289600379982
"264","STEWART, Rob","Mana",2014,"Dunedin North",0.00744974,0.0124129749414137,NA,NA,NA,NA,NA,NA,FALSE,TRUE,FALSE,0.0126064991925031
"265","KERR, Cindy","Conservative Party",2014,"Dunedin South",0.019581846,0.0390417241345588,NA,NA,NA,NA,NA,NA,FALSE,TRUE,FALSE,0.0315273288626238
"266","LEPINE, Andrew","Mana",2014,"Dunedin South",0.004793473,0.00807575882711475,NA,NA,NA,NA,NA,NA,FALSE,TRUE,FALSE,0.00893823263000351
"267","SALMON, Patrick","Mana",2014,"East Coast",0.007495636,0.0133520098303312,NA,NA,NA,NA,NA,NA,FALSE,TRUE,FALSE,0.0133637768444955
"268","CALVER, Ray","Mana",2014,"Hamilton East",0.006406944,0.0085898039601045,NA,NA,NA,NA,NA,NA,FALSE,TRUE,FALSE,0.00939052725246233
"269","HARRE, Laila","Mana",2014,"Helensville",0.03793456,0.00687917837899321,NA,NA,NA,NA,NA,NA,FALSE,TRUE,FALSE,0.00786209721977556
"270","BALLANTINE, Beverley","Mana",2014,"Ilam",0.009357326,0.00710633540408739,NA,NA,NA,NA,NA,NA,FALSE,TRUE,FALSE,0.00806909575122297
"271","WAKEFIELD, Benita","Maori Party",2014,"Ilam",0.007095116,0.00431021853146853,NA,NA,NA,NA,NA,NA,FALSE,TRUE,FALSE,0.00540904690614359
"272","STORR, Laura","Conservative Party",2014,"Invercargill",0.021387107,0.0449169903406552,NA,NA,NA,NA,NA,NA,FALSE,TRUE,FALSE,0.0352686517757176
"273","HUDSON, Howard","Conservative Party",2014,"Kaikoura",0.030148706,0.0594972192984006,NA,NA,NA,NA,NA,NA,FALSE,TRUE,FALSE,0.0441621654760262
"274","DEGIA-PALA, Anne","New Zealand First Party",2014,"Kelston",0.043224664,0.083332042365209,NA,NA,NA,NA,NA,NA,FALSE,TRUE,FALSE,0.0578221028276683
"275","WOOLSTON, Jason","United Future",2014,"Kelston",0.002812207,0.002921573870105,NA,NA,NA,NA,NA,NA,FALSE,TRUE,FALSE,0.00396300782380875
"276","BARRY, Roy","Conservative Party",2014,"Mana",0.027298851,0.0412162520049005,NA,NA,NA,NA,NA,NA,FALSE,TRUE,FALSE,0.0329243624075351
"277","TRINDER, Joe","Mana",2014,"Manukau East",0.010224731,0.0143847254177998,NA,NA,NA,NA,NA,NA,FALSE,TRUE,FALSE,0.0141844082697112
"278","DAINTY, Yvonne","Mana",2014,"Manurewa",0.010375441,0.0142026432503075,NA,NA,NA,NA,NA,NA,FALSE,TRUE,FALSE,0.0140405990018091
"279","FINAU, Sitaleki","Mana",2014,"Maungakiekie",0.013893241,0.0106950916502354,NA,NA,NA,NA,NA,NA,FALSE,TRUE,FALSE,0.0111903915090215
"280","CAROLAN, Joe","Mana",2014,"Mt Albert",0.008166219,0.0122122638906718,NA,NA,NA,NA,NA,NA,FALSE,TRUE,FALSE,0.0124431737579163
"281","MINTO, John","Mana",2014,"Mt Roskill",0.009099369,0.00847519411386348,NA,0.018354638,NA,TRUE,FALSE,FALSE,FALSE,TRUE,TRUE,0.0092901654436784
"282","STORR, Angela","Conservative Party",2014,"New Plymouth",0.017149857,0.0426389281375638,NA,NA,NA,NA,NA,NA,FALSE,TRUE,FALSE,0.0338303675547235
"283","HO, Gil","Mana",2014,"Northcote",0.007791675,0.00931100259223394,NA,NA,NA,NA,NA,NA,FALSE,TRUE,FALSE,0.0100160950260911
"284","FARVID, Pani","Mana",2014,"Palmerston North",0.007453543,0.00913016651009488,NA,NA,NA,NA,NA,NA,FALSE,TRUE,FALSE,0.00986017781153787
"285","FOWLER, Roger","Mana",2014,"Papakura",0.005213221,0.0110718314236799,NA,NA,NA,NA,NA,NA,FALSE,TRUE,FALSE,0.0115046217320311
"286","KENDALL, Ann","Maori Party",2014,"Papakura",0.007194245,0.0049998534965035,NA,NA,NA,NA,NA,NA,FALSE,TRUE,FALSE,0.0060909253617207
"287","BROSNAN, Chris","Conservative Party",2014,"Port Hills",0.016046607,0.0393223647840308,NA,NA,NA,NA,NA,NA,FALSE,TRUE,FALSE,0.0317084857040241
"288","VITALI, Oliver","Conservative Party",2014,"Rangitata",0.045104968,0.0475874187711858,NA,0.017374319,NA,TRUE,FALSE,TRUE,FALSE,TRUE,TRUE,0.0369362291144216
"289","LYNCH, Philip Michael","Conservative Party",2014,"Rimutaka",0.026775677,0.0522858057955179,NA,NA,NA,NA,NA,NA,FALSE,TRUE,FALSE,0.0398257012403987
"290","PARETUTANGANUI-TAMATI, Ariana","Mana",2014,"Rongotai",0.005941405,0.0116706147842044,NA,NA,NA,NA,NA,NA,FALSE,TRUE,FALSE,0.0119997000198977
"291","GARDYNE, Sheryl","Maori Party",2014,"Selwyn",0.003676095,0.00318956171328671,NA,NA,NA,NA,NA,NA,FALSE,TRUE,FALSE,0.00425122368675107
"292","GIBSON, Lisa","Mana",2014,"Tamaki",0.008427544,0.00887154722267645,NA,NA,NA,NA,NA,NA,FALSE,TRUE,FALSE,0.00963611625326251
"293","AISH, Edward","Conservative Party",2014,"Taranaki-King Country",0.043388855,0.0596130540359875,NA,NA,NA,NA,NA,NA,FALSE,TRUE,FALSE,0.0442309301608655
"294","KEINZLEY, Grant","Mana",2014,"Taranaki-King Country",0.006374666,0.00829524206670975,NA,NA,NA,NA,NA,NA,FALSE,TRUE,FALSE,0.00913203430846914
"295","YONG, Chris","Mana",2014,"Te Atatu",0.009327391,0.0116204025857581,NA,NA,NA,NA,NA,NA,FALSE,TRUE,FALSE,0.0119583828516765
"296","NGATA, Makelesi","Mana",2014,"Upper Harbour",0.006289308,0.00832217419364058,NA,NA,NA,NA,NA,NA,FALSE,TRUE,FALSE,0.0091557439891376
"297","TE HAU, Hinurewa","Maori Party",2014,"Upper Harbour",0.007629653,0.00443063052045105,NA,NA,NA,NA,NA,NA,FALSE,TRUE,FALSE,0.00552959121857489
"298","RERITI-CROFTS, Aroha","Maori Party",2014,"Waimakariri",0.002545825,0.00224131363636364,NA,NA,NA,NA,NA,NA,FALSE,TRUE,FALSE,0.00320582960303098
"299","VALENTINE, Callum","Mana",2014,"Wellington Central",0.005652621,0.0124822707385477,NA,NA,NA,NA,NA,NA,FALSE,TRUE,FALSE,0.0126627645310478
"300","MacINTYRE, Kim","Conservative Party",2014,"Whanganui",0.025076453,0.056168010850948,NA,NA,NA,NA,NA,NA,FALSE,TRUE,FALSE,0.042174093732414
"301","CURRIN, David","Mana",2014,"Whangarei",0.009394465,0.0129038385210366,NA,NA,NA,NA,NA,NA,FALSE,TRUE,FALSE,0.0130037294196224
"302","McCLINTOCK, Lois","Mana",2014,"Wigram",0.007141379,0.00859724921662294,NA,NA,NA,NA,NA,NA,FALSE,TRUE,FALSE,0.00939703763059882
"303","PHILLIPS, Te Whe","Maori Party",2014,"Wigram",0.00413993,0.00379299230769231,NA,NA,NA,NA,NA,NA,FALSE,TRUE,FALSE,0.00488326408036345
"304","O'DEA, Patrick","Mana",2014,"Epsom",0.002868265,0.00864233208807509,0.001850709,0.001850709,0.001850709,TRUE,TRUE,FALSE,FALSE,TRUE,FALSE,0.0133665740491179
"305","SEYMOUR, David","ACT",2014,"Epsom",0.43413235,0.00829183976635514,0.440880115,0.004461044,0.440880115,FALSE,FALSE,TRUE,FALSE,FALSE,TRUE,0.378526399835568
"306","GENTER, Julie Anne","Green Party",2014,"Epsom",0.082155296,0.127445367143107,0.060148057,0.040100251,0.060148057,FALSE,FALSE,TRUE,FALSE,FALSE,TRUE,0.11985082524867
"307","GOLDSMITH, Paul","National Party",2014,"Epsom",0.318582258,0.619870314600465,0.377955994,0.377955994,0.377955994,TRUE,TRUE,TRUE,FALSE,FALSE,FALSE,0.245332710213495
"308","RANKIN, Christine","Conservative Party",2014,"Epsom",0.046916615,0.0349263292175333,0.009561999,NA,0.009561999,FALSE,NA,NA,FALSE,FALSE,FALSE,0.0401438099777875
"309","WOOD, Michael Philip","Labour Party",2014,"Epsom",0.094345421,0.14305046400962,0.104462266,NA,0.104462266,FALSE,NA,NA,FALSE,FALSE,FALSE,0.144753655315081
"310","LYON, Cliff","New Zealand First Party",2014,"Epsom",0.016902274,0.0456724233077116,0.011441852,NA,0.011441852,FALSE,NA,NA,FALSE,FALSE,FALSE,0.0480260253602809
"311","WOODLEY, Tane","Green Party",2014,"Ohariu",0.075076297,0.151199130165597,0.058043456,0.059819296,0.058043456,FALSE,FALSE,TRUE,FALSE,FALSE,TRUE,0.0692873613991736
"312","DUNNE, Peter","United Future",2014,"Ohariu",0.368565615,0.0151014755,0.385800265,0.385800265,0.385800265,TRUE,TRUE,TRUE,TRUE,FALSE,FALSE,0.348594359828788
"313","FITZPATRICK, Sean Daniel Thomas","ACT",2014,"Ohariu",0.005696846,0.00247129342056075,0.012888167,NA,0.012888167,FALSE,NA,NA,FALSE,FALSE,FALSE,0.0140577993561346
"314","BRUNNER, Michael","Conservative Party",2014,"Ohariu",0.028179044,0.0400407465172088,0.010200959,NA,0.010200959,FALSE,NA,NA,FALSE,FALSE,FALSE,0.0142870029912601
"315","ANDERSEN, Virginia","Labour Party",2014,"Ohariu",0.349338759,0.244059730557892,0.348362746,NA,0.348362746,FALSE,NA,NA,FALSE,FALSE,FALSE,0.329292364523988
"316","HUDSON, Brett","National Party",2014,"Ohariu",0.166225839,0.470670314600465,0.185555442,NA,0.185555442,FALSE,NA,NA,FALSE,FALSE,FALSE,0.202895872388976
"317","MONAHAN, Regan","Conservative Party",2014,"Auckland Central",0.009432984,0.0318029029693649,0.007158419,NA,0.007158419,FALSE,NA,NA,FALSE,FALSE,FALSE,0.0157369873509686
"318","CUNLIFFE, Deborah","Conservative Party",2014,"Bay of Plenty",0.036870135,0.0602959695173373,0.037198218,NA,0.037198218,FALSE,NA,NA,FALSE,FALSE,FALSE,0.037766600241328
"319","YOUNG, Paul","Conservative Party",2014,"Botany",0.094453711,0.0508073167301636,0.076841994,0.076841994,0.076841994,TRUE,TRUE,TRUE,FALSE,FALSE,FALSE,0.040005997915391
"320","COOKE, Michael","Conservative Party",2014,"Christchurch Central",0.018010558,0.0411067778211351,0.016171101,0.016171101,0.016171101,TRUE,TRUE,TRUE,FALSE,FALSE,FALSE,0.022450112790531
"321","BAKER, Leighton","Conservative Party",2014,"Christchurch East",0.040202041,0.0446785619366627,0.018618122,0.018618122,0.018618122,TRUE,TRUE,TRUE,FALSE,FALSE,FALSE,0.0247289952367881
"322","ASHTON, Lachie","Conservative Party",2014,"Clutha-Southland",0.041730436,0.0534134145372517,0.02537914,NA,0.02537914,FALSE,NA,NA,FALSE,FALSE,FALSE,0.0308010087917815
"323","WALKDEN, David","Conservative Party",2014,"Coromandel",0.030358598,0.0602849409976628,0.025309917,NA,0.025309917,FALSE,NA,NA,FALSE,FALSE,FALSE,0.0339691666556836
"324","DRAYSON, Rick","Conservative Party",2014,"East Coast",0.022692268,0.0528048852174957,0.046605353,0.02687397,0.046605353,FALSE,FALSE,TRUE,FALSE,FALSE,TRUE,0.0359652200460486
"325","CRAIG, Colin","Conservative Party",2014,"East Coast Bays",0.152757843,0.0589317526221487,0.049724904,0.212314007,0.049724904,FALSE,FALSE,TRUE,FALSE,FALSE,TRUE,0.0401698833917449
"326","DAY, Katrina","Conservative Party",2014,"Hamilton East",0.029347938,0.0571508747134452,0.023202817,NA,0.023202817,FALSE,NA,NA,FALSE,FALSE,FALSE,0.0317639915571424
"327","McKENNA, Tony","Conservative Party",2014,"Hamilton West",0.028214138,0.0557992378635684,0.023881217,NA,0.023881217,FALSE,NA,NA,FALSE,FALSE,FALSE,0.0313945989930216
"328","DOUGHERTY, Deborah","Conservative Party",2014,"Helensville",0.027811861,0.0551059015914968,0.02687397,NA,0.02687397,FALSE,NA,NA,FALSE,FALSE,FALSE,0.0320753401680939
"329","HUDSON, Neville","Conservative Party",2014,"Hunua",0.040967576,0.0580849879759734,0.039966867,NA,0.039966867,FALSE,NA,NA,FALSE,FALSE,FALSE,0.0373343868850668
"330","COPELAND, Gordon","Conservative Party",2014,"Hutt South",0.02231506,0.0449355939808492,0.031677019,0.031677019,0.031677019,TRUE,TRUE,TRUE,FALSE,FALSE,FALSE,0.0284457359313545
"331","STRINGER, John","Conservative Party",2014,"Ilam",0.03403599,0.0421696293046699,0.023065784,NA,0.023065784,FALSE,NA,NA,FALSE,FALSE,FALSE,0.024971218445084
"332","SOMMER, Paul","Conservative Party",2014,"Kelston",0.020727008,0.0472838510645506,0.023340873,NA,0.023340873,NA,NA,NA,FALSE,FALSE,FALSE,0.0273555230566505
"333","SAAFI, Edward","Conservative Party",2014,"Mangere",0.056507937,0.0331763390629402,0.024408442,NA,0.024408442,FALSE,NA,NA,FALSE,FALSE,FALSE,0.0212081670360945
"334","TAUKOLO, Vili M","Conservative Party",2014,"Manukau East",0.019597401,0.0338547772777273,0.016934338,NA,0.016934338,FALSE,NA,NA,FALSE,FALSE,FALSE,0.0197580866228937
"335","IKILEI, Elliot Ewen Pasione","Conservative Party",2014,"Manurewa",0.021713552,0.0446279185864309,0.026938953,NA,0.026938953,FALSE,NA,NA,FALSE,FALSE,FALSE,0.0271318080537926
"336","SIMPSON, Litia","Conservative Party",2014,"Maungakiekie",0.020160869,0.0427752288657724,0.013661202,0.015440415,0.013661202,FALSE,FALSE,TRUE,FALSE,FALSE,TRUE,0.0221918012700123
"337","JOHNSON, Jeffrey","Conservative Party",2014,"Mt Albert",0.01467852,0.040869009867628,0.02483165,NA,0.02483165,FALSE,NA,NA,FALSE,FALSE,FALSE,0.0248388967522447
"338","DAVIE, Paul","Conservative Party",2014,"Mt Roskill",0.033192017,0.0492120939555231,0.01754386,NA,0.01754386,FALSE,NA,NA,FALSE,FALSE,FALSE,0.0262289828679103
"339","McVICAR, Garth","Conservative Party",2014,"Napier",0.211701152,0.0580957432912505,0.020063793,NA,0.020063793,FALSE,NA,NA,FALSE,FALSE,FALSE,0.0309635219084913
"340","GREEN, John","Conservative Party",2014,"Nelson",0.030049913,0.0500236820421551,0.017374319,NA,0.017374319,FALSE,NA,NA,FALSE,FALSE,FALSE,0.0264968760670198
"341","TAYLOR, Steve","Conservative Party",2014,"New Lynn",0.03906331,0.050769646001932,0.025119867,NA,0.025119867,FALSE,NA,NA,FALSE,FALSE,FALSE,0.0294929879988878
"342","PERKIN, Melissa","Conservative Party",2014,"North Shore",0.058395656,0.0445375643923875,0.024856204,NA,0.024856204,FALSE,NA,NA,FALSE,FALSE,FALSE,0.0265366440000471
"343","WEBSTER, Matthew James","Conservative Party",2014,"Northcote",0.028193562,0.0488915866093259,0.018374051,0.018374051,0.018374051,TRUE,TRUE,TRUE,FALSE,FALSE,FALSE,0.0264060428881441
"344","TAYLOR, Mel","Conservative Party",2014,"Northland",0.044849985,0.0745443175413119,0.050813856,0.050813856,0.050813856,TRUE,TRUE,TRUE,FALSE,FALSE,FALSE,0.0495489991252054
"345","LOVELOCK, Anne","Conservative Party",2014,"Otaki",0.02412348,0.0552505049003419,0.017361111,NA,0.017361111,FALSE,NA,NA,FALSE,FALSE,FALSE,0.0286334916039944
"346","CRAIG, Andrew","Conservative Party",2014,"Pakuranga",0.103752073,0.0581708557185726,0.051977873,NA,0.051977873,FALSE,NA,NA,FALSE,FALSE,FALSE,0.0402252929707647
"347","PEARCE, Mark","Conservative Party",2014,"Palmerston North",0.020420666,0.0546518877303787,0.020973241,NA,0.020973241,FALSE,NA,NA,FALSE,FALSE,FALSE,0.0298288580707694
"348","STITT, Kevin","Conservative Party",2014,"Papakura",0.038786362,0.0540540023635777,0.020356768,NA,0.020356768,FALSE,NA,NA,FALSE,FALSE,FALSE,0.0293371630316921
"349","BROWN, Roy","Conservative Party",2014,"Rangitikei",0.044364754,0.065146596515833,0.03730495,0.020063793,0.03730495,FALSE,FALSE,TRUE,FALSE,FALSE,TRUE,0.0403581052197439
"350","HEYNS, Anton","Conservative Party",2014,"Rodney",0.057186544,0.0828843300428657,0.212314007,NA,0.212314007,FALSE,NA,NA,FALSE,FALSE,FALSE,0.0836904094188711
"351","WELSH, Bruce","Conservative Party",2014,"Rongotai",0.015263266,0.0353218539527045,0.012090524,0.012090524,0.012090524,TRUE,TRUE,TRUE,FALSE,FALSE,FALSE,0.0188461277871204
"352","DAVIDSON, Michael","Conservative Party",2014,"Rotorua",0.018347683,0.0519653911595973,0.029537181,NA,0.029537181,FALSE,NA,NA,FALSE,FALSE,FALSE,0.0313670808334071
"353","CLIBBORN, Roger","Conservative Party",2014,"Selwyn",0.017563566,0.0441529194326247,0.018775008,NA,0.018775008,FALSE,NA,NA,FALSE,FALSE,FALSE,0.0245599684943592
"354","MOUNTAIN, Danny","Conservative Party",2014,"Tamaki",0.017060637,0.0390391801496788,0.015440415,0.020258981,0.015440415,FALSE,FALSE,TRUE,FALSE,FALSE,TRUE,0.0213870692320748
"355","GEDGE, Lance","Conservative Party",2014,"Taupo",0.025048564,0.0584790183596993,0.02738169,0.051977873,0.02738169,FALSE,FALSE,TRUE,FALSE,FALSE,TRUE,0.033844382129411
"356","HESLOP, Nathaniel","Conservative Party",2014,"Tauranga",0.029294274,0.0605705957192359,0.042281118,NA,0.042281118,FALSE,NA,NA,FALSE,FALSE,FALSE,0.0392900593467942
"357","O'ROURKE, Paddy","Conservative Party",2014,"Te Atatu",0.02995129,0.0524004476596995,0.037582045,NA,0.037582045,FALSE,NA,NA,FALSE,FALSE,FALSE,0.0336963638122485
"358","JENKINSON, Stephen","Conservative Party",2014,"Tukituki",0.054385606,0.0619234945912823,0.03248836,0.03248836,0.03248836,TRUE,TRUE,TRUE,FALSE,FALSE,FALSE,0.0371988609965424
"359","BLAIR, Callum","Conservative Party",2014,"Upper Harbour",0.05680998,0.0549438562814175,0.03403508,NA,0.03403508,NA,NA,NA,FALSE,FALSE,FALSE,0.0341069981016193
"360","DOBBS, Brian","Conservative Party",2014,"Waikato",0.041374329,0.0633987703563328,0.037445392,0.037445392,0.037445392,TRUE,TRUE,TRUE,FALSE,FALSE,FALSE,0.0394765834713452
"361","PRICE, Benjamin","Conservative Party",2014,"Waimakariri",0.023014257,0.0534357821737222,0.022092666,NA,0.022092666,FALSE,NA,NA,FALSE,FALSE,FALSE,0.0297015299983706
"362","REID, Brent Allan","Conservative Party",2014,"Wairarapa",0.022034931,0.0606640503263468,0.043460179,0.043460179,0.043460179,TRUE,TRUE,TRUE,FALSE,FALSE,FALSE,0.0396457042663901
"363","AUBREY, Donald","Conservative Party",2014,"Waitaki",0.036326531,0.050455422666272,0.020065857,NA,0.020065857,FALSE,NA,NA,FALSE,FALSE,FALSE,0.0276797073612224
"364","HOOPER, Brian","Conservative Party",2014,"Wellington Central",0.008016444,0.0307806024733632,0.006188119,NA,0.006188119,FALSE,NA,NA,FALSE,FALSE,FALSE,0.0149845875888855
"365","HOLLEY, Claire Margaret","Conservative Party",2014,"West Coast-Tasman",0.029115342,0.0552303230878843,0.018798151,0.018798151,0.018798151,TRUE,TRUE,TRUE,FALSE,FALSE,FALSE,0.0292267355781191
"366","NIGHTINGALE, Don","Conservative Party",2014,"Whangarei",0.027162259,0.0653913623810047,0.033795583,NA,0.033795583,FALSE,NA,NA,FALSE,FALSE,FALSE,0.0393803424763321
"367","PETERS, Mark","Conservative Party",2014,"Wigram",0.028565514,0.0491835630179616,0.025119867,0.025119867,0.025119867,TRUE,TRUE,TRUE,FALSE,FALSE,FALSE,0.0287586970242812
"368","SAMI, Roshni","Mana",2014,"Kelston",0.007915842,0.0107533243031565,0.003304716,NA,0.003304716,NA,NA,NA,FALSE,FALSE,FALSE,0.00596638584151375
"369","PAPALI'I, James","Mana",2014,"Mangere",0.020529101,0.0145207658256565,0.017586868,0.017586868,0.017586868,TRUE,TRUE,FALSE,FALSE,TRUE,FALSE,0.0093739435675918
