Electoral District,Maori,Year,Party,Percent,Ratio
Te Puko O Te Whenua,TRUE,1996,LABOUR PARTY,31.95,1.00093984962406
Te Tai Hauauru,TRUE,1996,LABOUR PARTY,32.28,1.01127819548872
Te Tai Rawhiti,TRUE,1996,LABOUR PARTY,31.08,0.973684210526316
Te Tai Tokerau,TRUE,1996,LABOUR PARTY,29.06,0.910401002506266
Te Tai Tonga,TRUE,1996,LABOUR PARTY,35.39,1.10870927318296
Albany,FALSE,1996,LABOUR PARTY,20.24,0.722857142857143
Aoraki,FALSE,1996,LABOUR PARTY,30.41,1.08607142857143
Auckland Central,FALSE,1996,LABOUR PARTY,37.14,1.32642857142857
Banks Penisula,FALSE,1996,LABOUR PARTY,27.67,0.988214285714286
Bay of Plenty,FALSE,1996,LABOUR PARTY,21.4,0.764285714285714
Christchurch Central,FALSE,1996,LABOUR PARTY,32.79,1.17107142857143
Christchurch East,FALSE,1996,LABOUR PARTY,36.44,1.30142857142857
Clutha-Southland,FALSE,1996,LABOUR PARTY,19.25,0.6875
Coromandel,FALSE,1996,LABOUR PARTY,21.74,0.776428571428571
Dunedin North,FALSE,1996,LABOUR PARTY,40.15,1.43392857142857
Dunedin South,FALSE,1996,LABOUR PARTY,40.24,1.43714285714286
Epsom,FALSE,1996,LABOUR PARTY,19.16,0.684285714285714
Hamilton East,FALSE,1996,LABOUR PARTY,25.18,0.899285714285714
Hamilton West,FALSE,1996,LABOUR PARTY,26.59,0.949642857142857
Hunua,FALSE,1996,LABOUR PARTY,21.3,0.760714285714286
Hutt South,FALSE,1996,LABOUR PARTY,33.88,1.21
Ilam,FALSE,1996,LABOUR PARTY,22.98,0.820714285714286
Invercargill,FALSE,1996,LABOUR PARTY,33.1,1.18214285714286
Kaikoura,FALSE,1996,LABOUR PARTY,23.03,0.8225
Karapiro,FALSE,1996,LABOUR PARTY,17.98,0.642142857142857
Mahia,FALSE,1996,LABOUR PARTY,25.91,0.925357142857143
Mana,FALSE,1996,LABOUR PARTY,36.76,1.31285714285714
Mangere,FALSE,1996,LABOUR PARTY,54.77,1.95607142857143
Manukau East,FALSE,1996,LABOUR PARTY,33.7,1.20357142857143
Manurewa,FALSE,1996,LABOUR PARTY,38.72,1.38285714285714
Maungakiekie,FALSE,1996,LABOUR PARTY,34.12,1.21857142857143
Napier,FALSE,1996,LABOUR PARTY,33.54,1.19785714285714
Nelson,FALSE,1996,LABOUR PARTY,31.82,1.13642857142857
New Lynn,FALSE,1996,LABOUR PARTY,35.55,1.26964285714286
New Plymoutj,FALSE,1996,LABOUR PARTY,29.18,1.04214285714286
North Shore,FALSE,1996,LABOUR PARTY,20.65,0.7375
Northcote,FALSE,1996,LABOUR PARTY,24.48,0.874285714285714
Northland,FALSE,1996,LABOUR PARTY,19.66,0.702142857142857
Ohariu-Belmont,FALSE,1996,LABOUR PARTY,26.09,0.931785714285714
Otago,FALSE,1996,LABOUR PARTY,26.96,0.962857142857143
Otaki,FALSE,1996,LABOUR PARTY,29.85,1.06607142857143
Owairaka,FALSE,1996,LABOUR PARTY,35.15,1.25535714285714
Pakuranga,FALSE,1996,LABOUR PARTY,19.12,0.682857142857143
Palmerston North,FALSE,1996,LABOUR PARTY,31.08,1.11
Port Waikato,FALSE,1996,LABOUR PARTY,22.09,0.788928571428571
Rakaia,FALSE,1996,LABOUR PARTY,23.44,0.837142857142857
Rangitikei,FALSE,1996,LABOUR PARTY,23.89,0.853214285714286
Rimutaka,FALSE,1996,LABOUR PARTY,33.58,1.19928571428571
Rodney,FALSE,1996,LABOUR PARTY,19.74,0.705
Rongotai,FALSE,1996,LABOUR PARTY,33.91,1.21107142857143
Rotorua,FALSE,1996,LABOUR PARTY,23.21,0.828928571428571
Tamaki,FALSE,1996,LABOUR PARTY,22.9,0.817857142857143
Taranaki-King Country,FALSE,1996,LABOUR PARTY,15.13,0.540357142857143
Taupo,FALSE,1996,LABOUR PARTY,28.05,1.00178571428571
Tauranga,FALSE,1996,LABOUR PARTY,21.48,0.767142857142857
Tukituki,FALSE,1996,LABOUR PARTY,31.29,1.1175
Waimakariri,FALSE,1996,LABOUR PARTY,30.38,1.085
Waipareira,FALSE,1996,LABOUR PARTY,30.11,1.07535714285714
Wairarapa,FALSE,1996,LABOUR PARTY,23.93,0.854642857142857
Waitakere,FALSE,1996,LABOUR PARTY,30.09,1.07464285714286
Wellington Central,FALSE,1996,LABOUR PARTY,26.3,0.939285714285714
West Coast-Tasman,FALSE,1996,LABOUR PARTY,31.84,1.13714285714286
Whanganui,FALSE,1996,LABOUR PARTY,28.21,1.0075
Whangarei,FALSE,1996,LABOUR PARTY,23.41,0.836071428571429
Wigram,FALSE,1996,LABOUR PARTY,31.5,1.125
Hauraki,TRUE,1999,LABOUR PARTY,56.07,1.01741970604246
Ikaroa-Rawhiti,TRUE,1999,LABOUR PARTY,59.03,1.07113046634005
Te Tai Hauauru,TRUE,1999,LABOUR PARTY,55.45,1.00616947922337
Te Tai Tokerau,TRUE,1999,LABOUR PARTY,51.59,0.936127744510978
Te Tai Tonga,TRUE,1999,LABOUR PARTY,53.81,0.976410814734168
Waiariki,TRUE,1999,LABOUR PARTY,54.92,0.996552349845763
Albany,FALSE,1999,LABOUR PARTY,29.8,0.786902561394244
Aoraki,FALSE,1999,LABOUR PARTY,42.36,1.11856350673356
Auckland Central,FALSE,1999,LABOUR PARTY,41.5,1.09585423818326
Banks Peninsula,FALSE,1999,LABOUR PARTY,37.35,0.986268814364933
Bay of Plenty,FALSE,1999,LABOUR PARTY,32.89,0.868497491418009
Christchurch Central,FALSE,1999,LABOUR PARTY,40.73,1.07552152099287
Christchurch East,FALSE,1999,LABOUR PARTY,46.83,1.2365988909427
Clutha-Southland,FALSE,1999,LABOUR PARTY,29.97,0.791391602851862
Coromandel,FALSE,1999,LABOUR PARTY,35.88,0.947451808819646
Dunedin North,FALSE,1999,LABOUR PARTY,47.88,1.26432532347505
Dunedin South,FALSE,1999,LABOUR PARTY,50.52,1.33403749669923
East Coast,FALSE,1999,LABOUR PARTY,37.91,1.00105624504885
Epsom,FALSE,1999,LABOUR PARTY,25.35,0.669395299709533
Hamilton East,FALSE,1999,LABOUR PARTY,32.74,0.864536572484817
Hamilton West,FALSE,1999,LABOUR PARTY,36.75,0.970425138632163
Hunua,FALSE,1999,LABOUR PARTY,29.75,0.785582255083179
Hutt South,FALSE,1999,LABOUR PARTY,42.18,1.11381040401373
Ilam,FALSE,1999,LABOUR PARTY,28.7,0.757855822550832
Invercargill,FALSE,1999,LABOUR PARTY,44.93,1.18642725112226
Kaikoura,FALSE,1999,LABOUR PARTY,35.09,0.926590969104833
Karapiro,FALSE,1999,LABOUR PARTY,27.56,0.727752838658569
Mana,FALSE,1999,LABOUR PARTY,44.42,1.17296012674941
Mangere,FALSE,1999,LABOUR PARTY,67.32,1.77766041721679
Manukau East,FALSE,1999,LABOUR PARTY,45.39,1.19857406918405
Manurewa,FALSE,1999,LABOUR PARTY,51.84,1.36889358331133
Maungakiekie,FALSE,1999,LABOUR PARTY,46.44,1.2263005017164
Mt Albert,FALSE,1999,LABOUR PARTY,51.37,1.35648270398733
Mt Roskill,FALSE,1999,LABOUR PARTY,45.75,1.20808027462371
Napier,FALSE,1999,LABOUR PARTY,44.27,1.16899920781621
Nelson,FALSE,1999,LABOUR PARTY,40.62,1.07261684710853
New Plymouth,FALSE,1999,LABOUR PARTY,41.98,1.10852917876947
North Shore,FALSE,1999,LABOUR PARTY,28.73,0.75864800633747
Northcote,FALSE,1999,LABOUR PARTY,35.93,0.94877211513071
Northland,FALSE,1999,LABOUR PARTY,31.31,0.826775811988381
Ohariu-Belmont,FALSE,1999,LABOUR PARTY,31.22,0.824399260628466
Otago,FALSE,1999,LABOUR PARTY,36.56,0.965407974650119
Otaki,FALSE,1999,LABOUR PARTY,41.73,1.10192764721415
Pakuranga,FALSE,1999,LABOUR PARTY,29.04,0.766833905466068
Palmerston North,FALSE,1999,LABOUR PARTY,39.23,1.03591233166095
Port Waikato,FALSE,1999,LABOUR PARTY,30.59,0.807763401109057
Rakaia,FALSE,1999,LABOUR PARTY,28.47,0.751782413519937
Rangitikei,FALSE,1999,LABOUR PARTY,33.41,0.882228677053076
Rimutaka,FALSE,1999,LABOUR PARTY,43.48,1.1481383681014
Rodney,FALSE,1999,LABOUR PARTY,30.26,0.799049379456034
Rongotai,FALSE,1999,LABOUR PARTY,41.59,1.09823078954317
Rotorua,FALSE,1999,LABOUR PARTY,38.42,1.01452336942171
Tamaki,FALSE,1999,LABOUR PARTY,31.41,0.82941642461051
Taranaki-King Country,FALSE,1999,LABOUR PARTY,25.62,0.676524953789279
Taupo,FALSE,1999,LABOUR PARTY,38.86,1.02614206495907
Tauranga,FALSE,1999,LABOUR PARTY,33.5,0.884605228412992
Te Atatu,FALSE,1999,LABOUR PARTY,48.86,1.2902033271719
Titirangi,FALSE,1999,LABOUR PARTY,45.16,1.19250066015316
Tukituki,FALSE,1999,LABOUR PARTY,41.47,1.09506205439662
Waimakariri,FALSE,1999,LABOUR PARTY,38.58,1.01874834961711
Wairarapa,FALSE,1999,LABOUR PARTY,36.31,0.958806443094798
Waitakere,FALSE,1999,LABOUR PARTY,31.55,0.833113282281489
Wellington Central,FALSE,1999,LABOUR PARTY,32.71,0.863744388698178
West Coast-Tasman,FALSE,1999,LABOUR PARTY,30.08,0.794296276736203
Whanganui,FALSE,1999,LABOUR PARTY,38.98,1.02931080010562
Whangarei,FALSE,1999,LABOUR PARTY,33.27,0.878531819382097
Wigram,FALSE,1999,LABOUR PARTY,41.28,1.09004489041458
Ikaroa-Rawhiti,TRUE,2002,LABOUR PARTY,60.08,1.11818351014331
Tainui,TRUE,2002,LABOUR PARTY,53.39,0.993672064023823
Tamaki Makaurau,TRUE,2002,LABOUR PARTY,55.97,1.04168993113717
Te Tai Hauauru,TRUE,2002,LABOUR PARTY,56.08,1.04373720454122
Te Tai Tokerau,TRUE,2002,LABOUR PARTY,47.23,0.879024753396613
Te Tai Tonga,TRUE,2002,LABOUR PARTY,51.14,0.95179601712265
Waiariki,TRUE,2002,LABOUR PARTY,52.93,0.985110738879583
Aoraki,FALSE,2002,LABOUR PARTY,44.56,1.09861932938856
Auckland Central,FALSE,2002,LABOUR PARTY,44.1,1.08727810650888
Banks Peninsula,FALSE,2002,LABOUR PARTY,40.23,0.991863905325444
Bay of Plenty,FALSE,2002,LABOUR PARTY,30.89,0.761587771203156
Christchurch Central,FALSE,2002,LABOUR PARTY,44.21,1.08999013806706
Christchurch East,FALSE,2002,LABOUR PARTY,51.29,1.26454635108481
Clevedon,FALSE,2002,LABOUR PARTY,34.18,0.842702169625246
Clutha-Southland,FALSE,2002,LABOUR PARTY,31.82,0.784516765285996
Coromandel,FALSE,2002,LABOUR PARTY,34.39,0.847879684418146
Dunedin North,FALSE,2002,LABOUR PARTY,49.71,1.22559171597633
Dunedin South,FALSE,2002,LABOUR PARTY,55.89,1.37795857988166
East Coast,FALSE,2002,LABOUR PARTY,40.67,1.00271203155819
East Coast Bays,FALSE,2002,LABOUR PARTY,33.81,0.833579881656805
Epsom,FALSE,2002,LABOUR PARTY,28.72,0.708086785009862
Hamilton East,FALSE,2002,LABOUR PARTY,35.75,0.881410256410256
Hamilton West,FALSE,2002,LABOUR PARTY,41.62,1.02613412228797
Helensville,FALSE,2002,LABOUR PARTY,30.83,0.760108481262327
Hutt South,FALSE,2002,LABOUR PARTY,45.4,1.11932938856016
Ilam,FALSE,2002,LABOUR PARTY,33.24,0.819526627218935
Invercargill,FALSE,2002,LABOUR PARTY,46.73,1.15212031558185
Kaikoura,FALSE,2002,LABOUR PARTY,39.25,0.967702169625246
Mana,FALSE,2002,LABOUR PARTY,47.52,1.17159763313609
Mangere,FALSE,2002,LABOUR PARTY,70.9,1.74802761341223
Manukau East,FALSE,2002,LABOUR PARTY,56.18,1.38510848126233
Manurewa,FALSE,2002,LABOUR PARTY,56.55,1.39423076923077
Maungakiekie,FALSE,2002,LABOUR PARTY,50.62,1.24802761341223
Mt Albert,FALSE,2002,LABOUR PARTY,52.09,1.28427021696252
Mt Roskill,FALSE,2002,LABOUR PARTY,49.73,1.22608481262327
Napier,FALSE,2002,LABOUR PARTY,45.63,1.125
Nelson,FALSE,2002,LABOUR PARTY,44.92,1.10749506903353
New Lynn,FALSE,2002,LABOUR PARTY,48.49,1.19551282051282
New Plymouth,FALSE,2002,LABOUR PARTY,41.58,1.02514792899408
North Shore,FALSE,2002,LABOUR PARTY,31.27,0.770956607495069
Northcote,FALSE,2002,LABOUR PARTY,38.78,0.956114398422091
Northland,FALSE,2002,LABOUR PARTY,29.61,0.730029585798816
Ohariu-Belmont,FALSE,2002,LABOUR PARTY,36.64,0.903353057199211
Otago,FALSE,2002,LABOUR PARTY,40.51,0.998767258382643
Otaki,FALSE,2002,LABOUR PARTY,44.17,1.08900394477318
Pakuranga,FALSE,2002,LABOUR PARTY,31.95,0.787721893491124
Palmerston North,FALSE,2002,LABOUR PARTY,42.55,1.04906311637081
Piako,FALSE,2002,LABOUR PARTY,32.05,0.790187376725838
Port Waikato,FALSE,2002,LABOUR PARTY,28.1,0.692800788954635
Rakaia,FALSE,2002,LABOUR PARTY,30.88,0.761341222879684
Rangitikei,FALSE,2002,LABOUR PARTY,35.83,0.883382642998027
Rimutaka,FALSE,2002,LABOUR PARTY,46.52,1.14694280078895
Rodney,FALSE,2002,LABOUR PARTY,32.37,0.798076923076923
Rongotai,FALSE,2002,LABOUR PARTY,44.95,1.10823471400394
Rotorua,FALSE,2002,LABOUR PARTY,37.63,0.92776134122288
Tamaki,FALSE,2002,LABOUR PARTY,34.08,0.840236686390533
Taranaki-King Country,FALSE,2002,LABOUR PARTY,27.57,0.679733727810651
Taupo,FALSE,2002,LABOUR PARTY,39.6,0.976331360946746
Tauranga,FALSE,2002,LABOUR PARTY,32.16,0.792899408284023
Te Atatu,FALSE,2002,LABOUR PARTY,51.71,1.27490138067061
Tukituki,FALSE,2002,LABOUR PARTY,40.86,1.00739644970414
Waimakariri,FALSE,2002,LABOUR PARTY,42.45,1.04659763313609
Wairarapa,FALSE,2002,LABOUR PARTY,38.37,0.946005917159763
Waitakere,FALSE,2002,LABOUR PARTY,46.85,1.15507889546351
Wellington Central,FALSE,2002,LABOUR PARTY,36.89,0.909516765285996
West Coast-Tasman,FALSE,2002,LABOUR PARTY,34.15,0.841962524654832
Whanganui,FALSE,2002,LABOUR PARTY,39.78,0.980769230769231
Whangarei,FALSE,2002,LABOUR PARTY,35.32,0.870808678500986
Wigram,FALSE,2002,LABOUR PARTY,45.46,1.12080867850099
Ikaroa-Rawhiti,TRUE,2005,LABOUR PARTY,58.28,1.06700842182351
Tainui,TRUE,2005,LABOUR PARTY,55.68,1.01940681069205
Tamaki Makaurau,TRUE,2005,LABOUR PARTY,55.14,1.00952032222629
Te Tai Hauauru,TRUE,2005,LABOUR PARTY,53.1,0.972171365800073
Te Tai Tokerau,TRUE,2005,LABOUR PARTY,49.33,0.903149029659465
Te Tai Tonga,TRUE,2005,LABOUR PARTY,57.89,1.05986818015379
Waiariki,TRUE,2005,LABOUR PARTY,53.11,0.97235444891981
Aoraki,FALSE,2005,LABOUR PARTY,39.96,0.992795031055901
Auckland Central,FALSE,2005,LABOUR PARTY,45.24,1.1239751552795
Banks Peninsula,FALSE,2005,LABOUR PARTY,40.1,0.996273291925466
Bay of Plenty,FALSE,2005,LABOUR PARTY,28.08,0.697639751552795
Christchurch Central,FALSE,2005,LABOUR PARTY,48.31,1.20024844720497
Christchurch East,FALSE,2005,LABOUR PARTY,53.44,1.32770186335404
Clevedon,FALSE,2005,LABOUR PARTY,31.61,0.785341614906832
Clutha-Southland,FALSE,2005,LABOUR PARTY,28.7,0.71304347826087
Coromandel,FALSE,2005,LABOUR PARTY,31.71,0.787826086956522
Dunedin North,FALSE,2005,LABOUR PARTY,54.82,1.36198757763975
Dunedin South,FALSE,2005,LABOUR PARTY,57.13,1.41937888198758
East Coast,FALSE,2005,LABOUR PARTY,38.99,0.968695652173913
East Coast Bays,FALSE,2005,LABOUR PARTY,31.77,0.789316770186335
Epsom,FALSE,2005,LABOUR PARTY,27.22,0.676273291925466
Hamilton East,FALSE,2005,LABOUR PARTY,35.52,0.882484472049689
Hamilton West,FALSE,2005,LABOUR PARTY,41.29,1.02583850931677
Helensville,FALSE,2005,LABOUR PARTY,27.97,0.694906832298137
Hutt South,FALSE,2005,LABOUR PARTY,47.54,1.18111801242236
Ilam,FALSE,2005,LABOUR PARTY,34.54,0.858136645962733
Invercargill,FALSE,2005,LABOUR PARTY,45.18,1.12248447204969
Kaikoura,FALSE,2005,LABOUR PARTY,36.04,0.895403726708075
Mana,FALSE,2005,LABOUR PARTY,49.98,1.24173913043478
Mangere,FALSE,2005,LABOUR PARTY,72.89,1.81093167701863
Manukau East,FALSE,2005,LABOUR PARTY,54.87,1.3632298136646
Manurewa,FALSE,2005,LABOUR PARTY,59.11,1.46857142857143
Maungakiekie,FALSE,2005,LABOUR PARTY,50.71,1.25987577639752
Mt Albert,FALSE,2005,LABOUR PARTY,54.33,1.34981366459627
Mt Roskill,FALSE,2005,LABOUR PARTY,49.7,1.23478260869565
Napier,FALSE,2005,LABOUR PARTY,41,1.01863354037267
Nelson,FALSE,2005,LABOUR PARTY,42.96,1.06732919254658
New Lynn,FALSE,2005,LABOUR PARTY,49.09,1.21962732919255
New Plymouth,FALSE,2005,LABOUR PARTY,37.64,0.935155279503106
North Shore,FALSE,2005,LABOUR PARTY,29.91,0.743105590062112
Northcote,FALSE,2005,LABOUR PARTY,39.11,0.97167701863354
Northland,FALSE,2005,LABOUR PARTY,30.23,0.751055900621118
Ohariu-Belmont,FALSE,2005,LABOUR PARTY,39.57,0.983105590062112
Otago,FALSE,2005,LABOUR PARTY,39.59,0.98360248447205
Otaki,FALSE,2005,LABOUR PARTY,41.67,1.03527950310559
Pakuranga,FALSE,2005,LABOUR PARTY,30.04,0.746335403726708
Palmerston North,FALSE,2005,LABOUR PARTY,44.98,1.11751552795031
Piako,FALSE,2005,LABOUR PARTY,30.62,0.760745341614907
Port Waikato,FALSE,2005,LABOUR PARTY,25.9,0.643478260869565
Rakaia,FALSE,2005,LABOUR PARTY,30.85,0.766459627329193
Rangitikei,FALSE,2005,LABOUR PARTY,36.08,0.89639751552795
Rimutaka,FALSE,2005,LABOUR PARTY,47.8,1.18757763975155
Rodney,FALSE,2005,LABOUR PARTY,27.82,0.691180124223603
Rongotai,FALSE,2005,LABOUR PARTY,49.96,1.24124223602484
Rotorua,FALSE,2005,LABOUR PARTY,36.67,0.911055900621118
Tamaki,FALSE,2005,LABOUR PARTY,32.3,0.802484472049689
Taranaki-King Country,FALSE,2005,LABOUR PARTY,25.05,0.622360248447205
Taupo,FALSE,2005,LABOUR PARTY,37.3,0.926708074534161
Tauranga,FALSE,2005,LABOUR PARTY,30.23,0.751055900621118
Te Atatu,FALSE,2005,LABOUR PARTY,52.03,1.29267080745342
Tukituki,FALSE,2005,LABOUR PARTY,37.66,0.935652173913043
Waimakariri,FALSE,2005,LABOUR PARTY,41.48,1.03055900621118
Wairarapa,FALSE,2005,LABOUR PARTY,36.06,0.895900621118012
Waitakere,FALSE,2005,LABOUR PARTY,46.65,1.15900621118012
Wellington Central,FALSE,2005,LABOUR PARTY,43.35,1.07701863354037
West Coast-Tasman,FALSE,2005,LABOUR PARTY,37.22,0.92472049689441
Whanganui,FALSE,2005,LABOUR PARTY,39.99,0.993540372670808
Whangarei,FALSE,2005,LABOUR PARTY,36.22,0.899875776397515
Wigram,FALSE,2005,LABOUR PARTY,47.95,1.19130434782609
Hauraki-Waikato,TRUE,2008,LABOUR PARTY,52.55,1.04869287567352
Ikaroa-Rawhiti,TRUE,2008,LABOUR PARTY,57.2,1.14148872480543
Tamaki Makaurau,TRUE,2008,LABOUR PARTY,49.73,0.992416683296747
Te Tai Hauauru,TRUE,2008,LABOUR PARTY,50.66,1.01097585312313
Te Tai Tokerau,TRUE,2008,LABOUR PARTY,45.63,0.910596687287966
Te Tai Tonga,TRUE,2008,LABOUR PARTY,49.58,0.989423268808621
Waiariki,TRUE,2008,LABOUR PARTY,45.57,0.909399321492716
Auckland Central,FALSE,2008,LABOUR PARTY,34.55,1.04760460885385
Bay of Plenty,FALSE,2008,LABOUR PARTY,20.19,0.612189205579139
Botany,FALSE,2008,LABOUR PARTY,25.18,0.76349302607641
Christchurch Central,FALSE,2008,LABOUR PARTY,39.36,1.19345057610673
Christchurch East,FALSE,2008,LABOUR PARTY,45.27,1.37265009096422
Clutha-Southland,FALSE,2008,LABOUR PARTY,23.94,0.725894481503942
Coromandel,FALSE,2008,LABOUR PARTY,25.99,0.788053365676167
Dunedin North,FALSE,2008,LABOUR PARTY,44.24,1.34141904184354
Dunedin South,FALSE,2008,LABOUR PARTY,46.73,1.41691934505761
East Coast,FALSE,2008,LABOUR PARTY,31.65,0.959672528805337
East Coast Bays,FALSE,2008,LABOUR PARTY,21.64,0.656155245603396
Epsom,FALSE,2008,LABOUR PARTY,20.09,0.609157064887811
Hamilton East,FALSE,2008,LABOUR PARTY,30.8,0.933899332929048
Hamilton West,FALSE,2008,LABOUR PARTY,35.64,1.08065494238933
Helensville,FALSE,2008,LABOUR PARTY,18.45,0.55942995755003
Hunua,FALSE,2008,LABOUR PARTY,19.71,0.597634930260764
Hutt South,FALSE,2008,LABOUR PARTY,42.79,1.29745300181928
Ilam,FALSE,2008,LABOUR PARTY,27.48,0.833232261976956
Invercargill,FALSE,2008,LABOUR PARTY,36.88,1.1182534869618
Kaikoura,FALSE,2008,LABOUR PARTY,28.18,0.854457246816252
Mana,FALSE,2008,LABOUR PARTY,43.91,1.33141297756216
Mangere,FALSE,2008,LABOUR PARTY,61.6,1.8677986658581
Manukau East,FALSE,2008,LABOUR PARTY,59.33,1.79896907216495
Manurewa,FALSE,2008,LABOUR PARTY,52.22,1.58338386901152
Maungakiekie,FALSE,2008,LABOUR PARTY,39.55,1.19921164342025
Mt Albert,FALSE,2008,LABOUR PARTY,42.6,1.29169193450576
Mt Roskill,FALSE,2008,LABOUR PARTY,42.64,1.29290479078229
Napier,FALSE,2008,LABOUR PARTY,35.57,1.0785324439054
Nelson,FALSE,2008,LABOUR PARTY,37.79,1.14584596725288
New Lynn,FALSE,2008,LABOUR PARTY,40.27,1.22104305639782
New Plymouth,FALSE,2008,LABOUR PARTY,31.42,0.952698605215282
North Shore,FALSE,2008,LABOUR PARTY,21.4,0.648878107944209
Northcote,FALSE,2008,LABOUR PARTY,29.74,0.90175864160097
Northland,FALSE,2008,LABOUR PARTY,25.04,0.759248029108551
Ohariu,FALSE,2008,LABOUR PARTY,33.33,1.01061249241965
Otaki,FALSE,2008,LABOUR PARTY,36.95,1.12037598544572
Pakuranga,FALSE,2008,LABOUR PARTY,22.27,0.675257731958763
Palmerston North,FALSE,2008,LABOUR PARTY,40.68,1.23347483323226
Papakura,FALSE,2008,LABOUR PARTY,29.31,0.88872043662826
Port Hills,FALSE,2008,LABOUR PARTY,37.13,1.12583383869012
Rangitata,FALSE,2008,LABOUR PARTY,34.85,1.05670103092784
Rangitikei,FALSE,2008,LABOUR PARTY,27.53,0.83474833232262
Rimutaka,FALSE,2008,LABOUR PARTY,41.31,1.25257731958763
Rodney,FALSE,2008,LABOUR PARTY,20.61,0.624924196482717
Rongotai,FALSE,2008,LABOUR PARTY,42.69,1.29442086112796
Rotorua,FALSE,2008,LABOUR PARTY,30.04,0.910855063674955
Selwyn,FALSE,2008,LABOUR PARTY,25.61,0.776531231049121
Tamaki,FALSE,2008,LABOUR PARTY,21.16,0.641600970285021
Taranaki-King Country,FALSE,2008,LABOUR PARTY,21.19,0.64251061249242
Taupo,FALSE,2008,LABOUR PARTY,29.2,0.885385081867799
Tauranga,FALSE,2008,LABOUR PARTY,22.62,0.685870224378411
Te Atatu,FALSE,2008,LABOUR PARTY,41.5,1.25833838690115
Tukituki,FALSE,2008,LABOUR PARTY,32.15,0.974833232261977
Waikato,FALSE,2008,LABOUR PARTY,22.57,0.684354154032747
Waimakariri,FALSE,2008,LABOUR PARTY,33.87,1.02698605215282
Wairarapa,FALSE,2008,LABOUR PARTY,31.23,0.946937537901759
Waitakere,FALSE,2008,LABOUR PARTY,39.77,1.20588235294118
Waitaki,FALSE,2008,LABOUR PARTY,30.08,0.912067919951486
Wellington Central,FALSE,2008,LABOUR PARTY,34.57,1.04821103699212
West Coast-Tasman,FALSE,2008,LABOUR PARTY,33.46,1.01455427531837
Whanganui,FALSE,2008,LABOUR PARTY,35.51,1.0767131594906
Whangarei,FALSE,2008,LABOUR PARTY,28.6,0.86719223771983
Wigram,FALSE,2008,LABOUR PARTY,40.19,1.21861734384475
Hauraki-Waikato,TRUE,2011,LABOUR PARTY,46.11,1.125732421875
Ikaroa-Rawhiti,TRUE,2011,LABOUR PARTY,49.58,1.21044921875
Tamaki Makaurau,TRUE,2011,LABOUR PARTY,41.5,1.01318359375
Te Tai Hauauru,TRUE,2011,LABOUR PARTY,42.03,1.026123046875
Te Tai Tokerau,TRUE,2011,LABOUR PARTY,34.65,0.845947265625
Te Tai Tonga,TRUE,2011,LABOUR PARTY,38.52,0.9404296875
Waiariki,TRUE,2011,LABOUR PARTY,35.05,0.855712890625
Auckland Central,FALSE,2011,LABOUR PARTY,25.11,0.941860465116279
Bay of Plenty,FALSE,2011,LABOUR PARTY,13.72,0.514628657164291
Botany,FALSE,2011,LABOUR PARTY,24.49,0.918604651162791
Christchurch Central,FALSE,2011,LABOUR PARTY,29.4,1.10277569392348
Christchurch East,FALSE,2011,LABOUR PARTY,31.65,1.18717179294824
Clutha-Southland,FALSE,2011,LABOUR PARTY,16.21,0.608027006751688
Coromandel,FALSE,2011,LABOUR PARTY,18.05,0.677044261065266
Dunedin North,FALSE,2011,LABOUR PARTY,33.8,1.26781695423856
Dunedin South,FALSE,2011,LABOUR PARTY,34.97,1.31170292573143
East Coast,FALSE,2011,LABOUR PARTY,23.87,0.895348837209302
East Coast Bays,FALSE,2011,LABOUR PARTY,17.2,0.645161290322581
Epsom,FALSE,2011,LABOUR PARTY,15.55,0.583270817704426
Hamilton East,FALSE,2011,LABOUR PARTY,24.71,0.926856714178545
Hamilton West,FALSE,2011,LABOUR PARTY,29.15,1.0933983495874
Helensville,FALSE,2011,LABOUR PARTY,14.35,0.538259564891223
Hunua,FALSE,2011,LABOUR PARTY,16.11,0.604276069017254
Hutt South,FALSE,2011,LABOUR PARTY,35.7,1.3390847711928
Ilam,FALSE,2011,LABOUR PARTY,19.18,0.719429857464366
Invercargill,FALSE,2011,LABOUR PARTY,28.73,1.07764441110278
Kaikoura,FALSE,2011,LABOUR PARTY,19.85,0.744561140285071
Mana,FALSE,2011,LABOUR PARTY,37.76,1.41635408852213
Mangere,FALSE,2011,LABOUR PARTY,71.82,2.69392348087022
Manukau East,FALSE,2011,LABOUR PARTY,66.68,2.50112528132033
Manurewa,FALSE,2011,LABOUR PARTY,57.43,2.15416354088522
Maungakiekie,FALSE,2011,LABOUR PARTY,36.85,1.38222055513878
Mt Albert,FALSE,2011,LABOUR PARTY,37.09,1.39122280570143
Mt Roskill,FALSE,2011,LABOUR PARTY,43.61,1.6357839459865
Napier,FALSE,2011,LABOUR PARTY,29.26,1.09752438109527
Nelson,FALSE,2011,LABOUR PARTY,27.33,1.02513128282071
New Lynn,FALSE,2011,LABOUR PARTY,37,1.38784696174044
New Plymouth,FALSE,2011,LABOUR PARTY,25.82,0.968492123030758
North Shore,FALSE,2011,LABOUR PARTY,16.23,0.608777194298575
Northcote,FALSE,2011,LABOUR PARTY,25.02,0.938484621155289
Northland,FALSE,2011,LABOUR PARTY,17.6,0.660165041260315
Ohariu,FALSE,2011,LABOUR PARTY,26.53,0.995123780945236
Otaki,FALSE,2011,LABOUR PARTY,29.59,1.1099024756189
Pakuranga,FALSE,2011,LABOUR PARTY,18.62,0.698424606151538
Palmerston North,FALSE,2011,LABOUR PARTY,33.88,1.27081770442611
Papakura,FALSE,2011,LABOUR PARTY,27.21,1.02063015753938
Port Hills,FALSE,2011,LABOUR PARTY,27.64,1.03675918979745
Rangitata,FALSE,2011,LABOUR PARTY,26.96,1.0112528132033
Rangitikei,FALSE,2011,LABOUR PARTY,21.19,0.794823705926482
Rimutaka,FALSE,2011,LABOUR PARTY,33.13,1.24268567141785
Rodney,FALSE,2011,LABOUR PARTY,13.43,0.503750937734434
Rongotai,FALSE,2011,LABOUR PARTY,34.18,1.28207051762941
Rotorua,FALSE,2011,LABOUR PARTY,21.95,0.823330832708177
Selwyn,FALSE,2011,LABOUR PARTY,16.12,0.604651162790698
Tamaki,FALSE,2011,LABOUR PARTY,17.58,0.659414853713428
Taranaki-King Country,FALSE,2011,LABOUR PARTY,15.95,0.598274568642161
Taupo,FALSE,2011,LABOUR PARTY,20.28,0.760690172543136
Tauranga,FALSE,2011,LABOUR PARTY,15.01,0.563015753938485
Te Atatu,FALSE,2011,LABOUR PARTY,38.91,1.45948987246812
Tukituki,FALSE,2011,LABOUR PARTY,24.14,0.905476369092273
Waikato,FALSE,2011,LABOUR PARTY,16.44,0.616654163540885
Waimakariri,FALSE,2011,LABOUR PARTY,23.41,0.878094523630908
Wairarapa,FALSE,2011,LABOUR PARTY,23.3,0.873968492123031
Waitakere,FALSE,2011,LABOUR PARTY,37.21,1.39572393098275
Waitaki,FALSE,2011,LABOUR PARTY,21.42,0.803450862715679
Wellington Central,FALSE,2011,LABOUR PARTY,26.56,0.996249062265566
West Coast-Tasman,FALSE,2011,LABOUR PARTY,27.25,1.02213053263316
Whanganui,FALSE,2011,LABOUR PARTY,27.41,1.02813203300825
Whangarei,FALSE,2011,LABOUR PARTY,20.33,0.762565641410353
Wigram,FALSE,2011,LABOUR PARTY,30.61,1.14816204051013
Hauraki-Waikato,TRUE,2014,LABOUR PARTY,46.5,1.12809315866084
Ikaroa-Rawhiti,TRUE,2014,LABOUR PARTY,48.09,1.16666666666667
Tamaki Makaurau,TRUE,2014,LABOUR PARTY,40.84,0.990781174187288
Te Tai Hauauru,TRUE,2014,LABOUR PARTY,42.23,1.02450266860747
Te Tai Tokerau,TRUE,2014,LABOUR PARTY,35.47,0.860504609412906
Te Tai Tonga,TRUE,2014,LABOUR PARTY,36.92,0.895681707908782
Waiariki,TRUE,2014,LABOUR PARTY,38.77,0.940562833575934
Auckland Central,FALSE,2014,LABOUR PARTY,21.67,0.900290818446199
Bay of Plenty,FALSE,2014,LABOUR PARTY,13.07,0.542999584545077
Botany,FALSE,2014,LABOUR PARTY,22.27,0.925218113834649
Christchurch Central,FALSE,2014,LABOUR PARTY,26.25,1.0905691732447
Christchurch East,FALSE,2014,LABOUR PARTY,32.16,1.33610303282094
Clutha-Southland,FALSE,2014,LABOUR PARTY,14.71,0.611134191940174
Coromandel,FALSE,2014,LABOUR PARTY,15.71,0.652679684254258
Dunedin North,FALSE,2014,LABOUR PARTY,31.82,1.32197756543415
Dunedin South,FALSE,2014,LABOUR PARTY,33.27,1.38221852928957
East Coast,FALSE,2014,LABOUR PARTY,22.74,0.944744495222268
East Coast Bays,FALSE,2014,LABOUR PARTY,12.15,0.50477773161612
Epsom,FALSE,2014,LABOUR PARTY,13.42,0.557540506855006
Hamilton East,FALSE,2014,LABOUR PARTY,23.77,0.987536352305775
Hamilton West,FALSE,2014,LABOUR PARTY,25.69,1.06730369754882
Helensville,FALSE,2014,LABOUR PARTY,12.53,0.520565018695472
Hunua,FALSE,2014,LABOUR PARTY,13.1,0.544245949314499
Hutt South,FALSE,2014,LABOUR PARTY,27.98,1.16244287494807
Ilam,FALSE,2014,LABOUR PARTY,17.67,0.734108849189863
Invercargill,FALSE,2014,LABOUR PARTY,25.07,1.04154549231408
Kaikoura,FALSE,2014,LABOUR PARTY,17.1,0.710427918570835
Kelston,FALSE,2014,LABOUR PARTY,42.13,1.75031159119236
Mana,FALSE,2014,LABOUR PARTY,34.39,1.42874948068135
Mangere,FALSE,2014,LABOUR PARTY,67.56,2.80681346073951
Manukau East,FALSE,2014,LABOUR PARTY,63.7,2.64644786040715
Manurewa,FALSE,2014,LABOUR PARTY,53.03,2.20315745741587
Maungakiekie,FALSE,2014,LABOUR PARTY,35.3,1.46655587868716
Mt Albert,FALSE,2014,LABOUR PARTY,29.45,1.22351474864977
Mt Roskill,FALSE,2014,LABOUR PARTY,35.63,1.48026589115081
Napier,FALSE,2014,LABOUR PARTY,25.96,1.07852098047362
Nelson,FALSE,2014,LABOUR PARTY,24.71,1.02658911508101
New Lynn,FALSE,2014,LABOUR PARTY,36.09,1.49937681761529
New Plymouth,FALSE,2014,LABOUR PARTY,21.16,0.879102617366016
North Shore,FALSE,2014,LABOUR PARTY,14.21,0.590361445783133
Northcote,FALSE,2014,LABOUR PARTY,22.11,0.918570835064396
Northland,FALSE,2014,LABOUR PARTY,16.63,0.690901537183216
Ohariu,FALSE,2014,LABOUR PARTY,23.5,0.976319069380972
Otaki,FALSE,2014,LABOUR PARTY,24.84,1.03199002908184
Pakuranga,FALSE,2014,LABOUR PARTY,15.96,0.663066057332779
Palmerston North,FALSE,2014,LABOUR PARTY,30.97,1.28666389696718
Papakura,FALSE,2014,LABOUR PARTY,25.93,1.0772746157042
Port Hills,FALSE,2014,LABOUR PARTY,23.87,0.991690901537183
Rangitata,FALSE,2014,LABOUR PARTY,22.28,0.92563356875779
Rangitikei,FALSE,2014,LABOUR PARTY,18.49,0.768176152887412
Rimutaka,FALSE,2014,LABOUR PARTY,32.88,1.36601578728708
Rodney,FALSE,2014,LABOUR PARTY,12.33,0.512255920232655
Rongotai,FALSE,2014,LABOUR PARTY,30.52,1.26796842542584
Rotorua,FALSE,2014,LABOUR PARTY,21.17,0.879518072289157
Selwyn,FALSE,2014,LABOUR PARTY,12.97,0.538845035313668
Tamaki,FALSE,2014,LABOUR PARTY,14.81,0.615288741171583
Taranaki-King Country,FALSE,2014,LABOUR PARTY,13.35,0.55463232239302
Taupo,FALSE,2014,LABOUR PARTY,18.63,0.773992521811383
Tauranga,FALSE,2014,LABOUR PARTY,14.43,0.599501454092231
Te Atatu,FALSE,2014,LABOUR PARTY,35.04,1.4557540506855
Tukituki,FALSE,2014,LABOUR PARTY,22.84,0.948899044453677
Upper Harbour,FALSE,2014,LABOUR PARTY,23.45,0.974241794765268
Waikato,FALSE,2014,LABOUR PARTY,14.78,0.61404237640216
Waimakariri,FALSE,2014,LABOUR PARTY,18.96,0.787702534275031
Wairarapa,FALSE,2014,LABOUR PARTY,20.62,0.85666805151641
Waitaki,FALSE,2014,LABOUR PARTY,18.07,0.750727046115496
Wellington Central,FALSE,2014,LABOUR PARTY,23.84,0.990444536767761
West Coast-Tasman,FALSE,2014,LABOUR PARTY,23.53,0.977565434150395
Whanganui,FALSE,2014,LABOUR PARTY,25.53,1.06065641877856
Whangarei,FALSE,2014,LABOUR PARTY,17.85,0.741587037806398
Wigram,FALSE,2014,LABOUR PARTY,28.67,1.19110926464479
